,questions,answer,doc_page,doc_content,doc_source,label
0,สวิตช์ล็อกทำงานอย่างไร?,เมื่อกดสวิตช์ล็อก (1) ไฟแสดง (2) จะสว่างขึ้น และสวิตช์ด้านผู้โดยสารจะไม่สามารถใช้เปิดหรือปิดกระจกหน้าต่างประตูได้ และสวิตช์ด้านคนขับจะไม่สามารถเปิดหรือปิดกระจกหน้าต่างประตูอื่นได้นอกจากกระจกหน้าต่างประตูด้านคนขับ การปลดล็อกให้กดสวิตช์ล็อกอีกครั้ง และไฟแสดงจะดับลงกุญแจอัจฉริยะ,49,และดึงสวิตช์ขึ้นเพื่อปิดกุญแจอัจฉริยะ หมายเหตุ -  การเปิดปิดซํ้าๆ ขณะที่เครื่องยนต์ไม่ทํางานจะเป็นการสิ้นเปลืองแบตเตอรี่พยายามอย่าใช้สวิตช์กระจกยกเว้นในขณะที่เครื่องยนต์กําลังทํางาน -  กระจกหน้าต่างประตูหลังจะเปิดเพียงครึ่งเดียวเท่านั้น (ดับเบิลแค็บ) สวิตช์ล็อก เมื่อกดสวิตช์ล็อก (1) ไฟแสดง (2) จะสว่างขึ้น และสวิตช์ด้านผู้โดยสารจะไม่สามารถใช้เปิดหรือปิดกระจกหน้าต่างประตูได้ และสวิตช์ด้านคนขับจะไม่สามารถเปิดหรือปิดกระจกหน้าต่างประตูอื่นได้นอกจากกระจกหน้าต่างประตูด้านคนขับการปลดล็อก ให้กดสวิตช์ล็อกอีกครั้ง และไฟแสดงจะดับลงกุญแจอัจฉริยะ,docs/Text_PDF_.pdf,"['ดับเบิลแค็บ', 'งาน', 'ขับ', 'ขับการ', 'ซํ้า']"
1,การขับขี่ขึ้นทางชัน E00647000125 ต้องตั้งค่าปุ่มเลือกโหมดการขับเคลื่อน 4 ล้อไปที่ตําแหน่งใด?,ไม่มีข้อมูลที่ระบุว่าต้องตั้งค่าปุ่มเลือกโหมดการขับเคลื่อน 4 ล้อไปที่ตำแหน่งใดเมื่อขับขี่ขึ้นทางชัน E00647000125,215,"ศูนย์บริการมิตซูบิชิจะไม่รับผิดชอบ วิธีการใช้รถที่แนะนําไว้ในคู่มือเล่มนี้ขึ้นอยู่กับความสามารถและประสบการณ์ของผู้ขับขี่รวมถึงบุคคลอื่นๆ ที่เกี่ยวข้อง และหากไม่ปฏิบัติตามคําแนะนําที่ระบุไว้ก็เป็นความรับผิดชอบของคุณเอง การขับขี่ขึ้นทางชัน E00647000125 ตั้งค่าปุ่มเลือกโหมดการขับเคลื่อน 4 ล้อไปที่ตําแหน่ง “4L” (Easy Select 4WD), ตําแหน่ง “4LLc” (Super Select 4WD II) เพื่อให้มีแรงบิดเครื่องยนต์สูงสุด คําเตือน ●ควรขับขึ้นตรงๆ ไม่ควรขับตัดผ่านทางที่ชันมากๆ ●หากเริ่มสูญเสียกําลังขับ ให้ผ่อนคันเร่งและค่อยๆ หักเลี้ยวซ้ายขวาสลับไปมาเพื่อช่วยให้รถมีกําลังขับขึ้นทางลาดชันได้ หมายเหตุ",docs/Text_PDF_.pdf,"['SuperSelect', '4WD', 'สลับ', 'ความสามารถ', 'E00647000125']"
2,อุปกรณ์ภายนอกที่อยู่ด้านหน้าของรถมีอะไรบ้าง?,"อุปกรณ์ภายนอกที่อยู่ด้านหน้าของรถประกอบด้วย:

1. ดับเบิลแค็บ - กล้องด้านหน้า (สำหรับ AHB และ FCM)
2. เซ็นเซอร์ตรวจวัดน้ำฝน
3. ที่ปัดน้ำฝนและฉีดน้ำล้างกระจก
4. ไฟหน้าแบบแฮลโลเจนและไฟหน้าแบบ LED
5. เซ็นเซอร์ (สำหรับ FCM)
6. ไฟเลี้ยวด้านหน้า
7. เซ็นเซอร์จอดรถ
8. ไฟหรี่หน้า
9. ไฟหน้าและไฟสูงต่ำ
10. ไฟตัดหมอกด้านหน้า
11. ไฟเลี้ยวด้านหน้า
12. ไฟหรี่ไฟส่องสว่างเวลากลางวัน (DRL)
13. ไฟหน้าและไฟต่ำ
14. ไฟตัดหมอกด้านหน้า

โปรดทราบว่าบางพื้นที่อาจไม่แสดงวัตถุต่างๆ และระบบไม่แจ้งเตือนเมื่อพบวัตถุเคลื่อนที่เมื่ออยู่ในหน้าจอมุมด้านหน้าหรือด้านหลัง และอาจไม่แสดงวัตถุใต้กันชนหรือบนพื้นดิน",6,"อุปกรณ์ภายนอก-ด้านหน้า ภาพโดยรวมคู่มืออย่างง่าย1-5 ซิงเกิลแค็บ - เสาอากาศหน้า7-21 - การควบคุมหน้าต่างไฟฟ้าหน้า3-19 - ฝาปิดถังนํ้ามันเชื้อเพลิงหน้า2-2 - การล็อกและปลดล็อกหน้า3-13 - ระบบกุญแจรีโมทหน้า3-4 - กระจกมองข้างหน้า6-8 - ไฟเลี้ยวด้านข้างหน้า5-44,10-24 - ไฟเลี้ยวด้านหน้าหน้า5-44,10-24,10-27 - ไฟหน้า,ไฟสูงตํ่าหน้า5-40,10-24,10-26 - ไฟหรี่หน้า5-40,10-24,10-27 - ที่ป้ดนํ้าฝนและฉีดนํ้าล้างกระจกหน้า5-45,10-16 - ฝากระโปรงหน้าหน้า10-3 - ห้องเครื่องยนต์หน้า10-2,11-9",docs/Text_PDF_.pdf,"['44:10', '24:10', '44:10', '24:10', '24:10']"
3,รถรุ่นที่ติดตั้งการเตือนคาดเข็มขัดนิรภัยสำหรับเบาะนั่งผู้โดยสารด้านหลังมีสัญลักษณ์อะไรบนเบาะนั่งสีแดง?,"สัญลักษณ์บนเบาะนั่งสีแดงคือ ""X""",59,เป็นเหตุให้เสียงเตือนดังและไฟเตือนสว่างขึ้นได้ -  [รถแบบที่ 1]สําหรับรถรุ่นที่ติดตั้งการเตือนคาดเข็มขัดนิรภัยสําหรับเบาะนั่งผู้โดยสารด้านหลัง เบาะนั่งที่ไม่ได้คาดเข็มขัดนิรภัยสําหรับผู้โดยสารด้านหลังจะถูกรีเซ็ตหลังจากเปิดประตูหลังบานใดบานหนึ่งในขณะที่รถหยุดและปิดประตูทุกบาน สําหรับเบาะนั่งผู้โดยสารด้านหลัง* 1- เบาะนั่งสีแดงที่มีสัญลักษณ์ “X”: แสดงว่าเข็มขัดนิรภัยที่เกี่ยวข้องไม่ได้คาด 2- เบาะนั่งสีเขียวที่มีเครื่องหมายถูก: คาดเข็มขัดนิรภัยที่เกี่ยวข้อง การเตือนคาดเข็มขัดนิรภัยด้านหลังจะแสดงบนหน้าจอแสดงข้อมูลรวมเป็นเวลาประมาณ 65 วินาทีเมื่อโหมดการทํางานอยู่ที่ ON,docs/Text_PDF_.pdf,"['งาน', 'สําหรับเบาะ', 'ถูก', 'นั่งที่', 'บาน']"
4,บนถนนที่ปกคลุมด้วยหิมะหรือลื่นอาจมีความแตกต่างระหว่างเส้นคาดการณ์แนวทางรถกับเส้นแนวทางรถจริงใช่ไหม?,"ใช่, เส้นคาดการณ์แนวทางรถบนถนนที่ปกคลุมด้วยหิมะหรือลื่นอาจแสดงความแตกต่างกับเส้นแนวทางรถจริงได้ ซึ่งอาจทำให้มีความเสี่ยงในการขับขี่ เพราะถนนที่ปกคลุมด้วยหิมะหรือลื่นอาจทำให้รถสะเทือนหรือสลิดได้ง่ายขึ้น ดังนั้นควรระมัดระวังและปฏิบัติตามเส้นคาดการณ์แนวทางรถอย่างรอบคอบเพื่อความปลอดภัยในการขับขี่",265,เส้นคาดการณ์ แนวทางรถอาจแสดงไม่ถูกต้อง     • บนถนนที่ปกคลุมด้วยหิมะหรือลื่นอาจมีความแตกต่าง ระหว่างเส้นคาดการณ์แนวทางรถกับเส้นแนวทางรถจริง,docs/Text_PDF_.pdf,"['', 'ถนน', 'ปกคลุม', 'การณ์แนวทาง', 'แสดงไม่']"
5,ควรเลือกโหมดการขับเคลื่อนใดเมื่อขับรถบนถนนลาดยางหรือถนนลื่นในสภาพต่างๆ?,ควรเลือกโหมดการขับเคลื่อน 4H (4-wheel drive high) เมื่อขับรถบนถนนลาดยางหรือถนนลื่นในสภาพต่างๆ,194,: สว่าง : ดับ ตําแหน่งปุ่มเลือกการขับเคลื่อน 4 ล้อตัวแสดงโหมดการขับเคลื่อน 4 ล้อและตัวแสดงการทํางาน 2WD/4WDสภาพการขับขี่2Hขับเคลื่อนล้อหลังเมื่อขับขี่บนถนนลาดยางแห้งอย่างประหยัด แล่นด้วยการขับเคลื่อนล้อหลัง4Hขับเคลื่อน 4 ล้อตลอดเวลาเมื่อขับขี่บนถนนลาดยางหรือถนนลื่นในสภาพต่างๆ แล่นด้วยการขับเคลื่อน 4 ล้อตําแหน่งปุ่มเลือกการขับเคลื่อน 4 ล้อตัวแสดงโหมดการขับเคลื่อน4 ล้อและตัวแสดงการทํางาน 2WD/4WDสภาพการขับขี่4HLcเซ็นเตอร์ดิฟล็อก ขับเคลื่อน 4 ล้อเมื่อขับรถบนถนนขรุขระ มีทราย มีโคลน หรือมีหิมะหนา4LLcเซ็นเตอร์ดิฟล็อก ขับเคลื่อน 4 ล้อที่มีความเร็วตํ่า เมื่อขับขึ้นหรือลงเขาชัน ในสถานการณ์ 4HLc,docs/Text_PDF_.pdf,"['หิมะหนา4LLcเซ็นเตอร์ดิฟล็อก', 'ขับขี่4HLcเซ็นเตอร์ดิฟล็อก', 'งาน', 'ขับ', 'Hขับเคลื่อน']"
6,คุณสามารถตั้งค่าหรือรีเซ็ตระยะทางในการเปลี่ยนยางได้หรือไม่?,ใช่ คุณสามารถตั้งค่าหรือรีเซ็ตระยะทางในการเปลี่ยนยางได้,101,เลือก “การบํารุงรักษา” โดยใช้แป้นเลื่อนแล้วกด   -ระบบควบคุมนํ้ามันเครื่อง  -ยาง  -อื่นๆ  ■ ระบบควบคุมนํ้ามันเครื่อง ระบบนี้จะแสดงระยะทางที่เหลือโดยประมาณจนถึงการ เปลี่ยนถ่ายนํ้ามันเครื่องครั้งถัดไป คุณสามารถรีเซ็ตระยะทางสําหรับการเปลี่ยนถ่ายนํ้ามัน เครื่องได้ ให้ดูเรื่อง “ระบบควบคุมนํ้ามันเครื่อง” หน้า 6-20  ■ ยาง ไฟแสดงนี้จะปรากฏขึ้นเมื่อถึงระยะทางที่ลูกค้าตั้งไว้เพื่อ เปลี่ยนยาง คุณสามารถตั้งค่าหรือรีเซ็ตระยะทางในการ เปลี่ยนยางได้  คําเตือน   ไฟแสดงการเปลี่ยนยางไม่สามารถใช้แทนการ ตรวจสอบยางปกติได้รวมถึงการตรวจสอบแรงดัน ลมยาง ให้ดูเรื่อง “การเปลี่ยนยางและล้อ” หน้า 10-14,docs/Text_PDF_.pdf,"['เมื่อถึง', 'แสดงนี้', 'ปรากฏขึ้น', '14', 'ยางไม่']"
7,การนั่งในท่าที่ถูกต้องมีความสำคัญอย่างไร?,"การนั่งในท่าที่ถูกต้องมีความสำคัญอย่างมากเพื่อความปลอดภัยขณะเดินทางในรถยนต์ ท่าที่ถูกต้องจะช่วยลดความเสี่ยงในการเกิดอุบัติเหตุและบาดเจ็บในกรณีที่เกิดเหตุขัดข้อง

การนั่งในท่าที่ถูกต้องจะมีลักษณะดังนี้:
1. ปรับเบาะนั่งให้สูงหรือต่ำเพียงพอเพื่อให้เท้าสามารถกระทำการเหยียดตรงได้ และเข่าอยู่ในระดับเดียวกับหัวเข่าหรือสูงกว่าเล็กน้อย
2. ปรับพนักพิงหลังให้อยู่ในตำแหน่งตั้งตรง โดยไม่ควรเอียงหรือหงายหลัง
3. รัดเข็มขัดนิรภัยให้แน่นเพื่อป้องกันการหลุดออกมาในกรณีเกิดอุบัติเหตุ
4. ไม่ควรนั่งในท่าที่เอียงหรือเอียงข้าง เพราะอาจทำให้เกิดอันตรายในกรณีเกิดอุบัติเหตุ

การนั่งในท่าที่ถูกต้องจะช่วยให้มีความควบคุมและสมดุลในการขับขี่รถยนต์ และลดความเสี่ยงในการเกิดอุบัติเหตุหรือบาดเจ็บในกรณีที่เกิดเหตุขัดข้อง ดังนั้น การนั่งในท่าที่ถูกต้องเป็นสิ่งสำคัญที่ควรใส่ใจในการใช้งานรถยนต์",76,-  ถุงลมนิรภัยพองตัวอย่างรวดเร็วมาก ในบางกรณีอาจก่อให้เกิดรอยถลอก ฟกชํ้า หรือขีดข่วนเล็กน้อยฯลฯ -  การนั่งในท่าที่ถูกต้องมีความสําคัญมากหากคนขับหรือผู้โดยสารด้านหน้านั่งชิดพวงมาลัยหรือแผงหน้าป้ดมากเกินไปขณะถุงลมนิรภัยทํางานอาจได้รับบาดเจ็บร้ายแรงหรือถึงแก่ชีวิตได้ถุงลมนิรภัยนั้นพองตัวออกมารวดเร็วและรุนแรงมากหากคนขับและผู้โดยสารด้านหน้าไม่ได้นั่งในท่าที่เหมาะสมและคาดเข็มขัดนิรภัย ถุงลมนิรภัยอาจไม่สามารถปกป้องคุณได้อย่างเต็มประสิทธิภาพและยังอาจเป็นสาเหตุให้ได้รับบาดเจ็บร้ายแรงหรือถึงแก่ชีวิตอีกด้วย -  ห้ามนั่งบนขอบเบาะนั่งหรือนั่งโดยให้ขาส่วนล่างอยู่ใกล้แผงหน้าป้ดมากเกินไป,docs/Text_PDF_.pdf,"['ให้ขา', 'นิรภัยพองตัว', 'ปกป้องคุณ', 'นั่งหรือ', 'โดยสารด้าน']"
8,ควรทำอย่างไรเมื่อต้องเริ่มเครื่องยนต์ของรถ?,"เมื่อต้องเริ่มเครื่องยนต์ของรถ คุณควรทำตามขั้นตอนต่อไปนี้:

1. ตรวจสอบว่ารถอยู่ในที่ปลอดภัยและไม่มีสิ่งกีดขวางในระหว่างการเริ่มเครื่องยนต์ เช่น ก้อนหินหรือวัตถุอื่นๆ ที่อาจสร้างความเสี่ยงในการขับรถ

2. นำกุญแจอัจฉริยะออกจากรถ ในกรณีที่เครื่องยนต์กำลังทำงานอยู่ คุณควรดับเครื่องยนต์ก่อนที่จะนำกุญแจออก

3. เมื่อเครื่องยนต์ดับแล้ว กดสวิตช์เครื่องยนต์อย่างรวดเร็วติดต่อกันสามครั้งในเวลาน้อยกว่า 1.5 วินาที

4. กดสวิตช์เครื่องยนต์ค้างไว้นานกว่า 2 วินาที

5. เมื่อเครื่องยนต์ดับแล้ว เปิดประตูเพื่อกลับสู่สภาวะปกติ

โปรดทราบว่าขั้นตอนเหล่านี้เป็นขั้นตอนทั่วไป แต่อาจมีความแตกต่างในบางรถยนต์ ดังนั้น คุณควรตรวจสอบคู่มือการใช้งานของรถหรือปรึกษาศูนย์บริการของผู้ผลิตหากคุณไม่แน่ใจว่าควรทำอย่างไร",163,2. ตรวจให้แน่ใจว่าใส่เบรกมือแล้ว 3. เหยียบเบรกค้างไว้ให้มั่นคงด้วยเท้าขวา 4. สําหรับรถเกียร์ธรรมดา ให้เหยียบแป้นคลัตช์จนสุด และเลื่อนคันเกียร์ไปที่ตําแหน่ง “N” (เกียร์ว่าง) สําหรับรถเกียร์อัตโนมัติ ดูให้แน่ใจว่าคันเกียร์อยู่ที่ตําแหน่ง “P” (จอด) 5. บิดสวิตช์กุญแจไปที่ตําแหน่ง “ON” ไฟหัวเผาเครื่องยนต์ดีเซลจะสว่างขึ้นและจากนั้น สักพักจะดับ แสดงว่าการเผาหัวเสร็จสิ้นแล้ว,docs/Text_PDF_.pdf,"['เกียร์ว่าง', 'ดีเซล', 'จอด', 'มั่นคง', 'เบรกมือ']"
9,วิธีการเปิด/ปิดการตรวจจับวัตถุเคลื่อนที่ในระบบเซ็นเซอร์จอดรถคืออะไร?,"วิธีการเปิด/ปิดการตรวจจับวัตถุเคลื่อนที่ในระบบเซ็นเซอร์จอดรถคือการใช้แป้นเลื่อนในเมนู ""เซ็นเซอร์จอดรถ"" เพื่อเลือกและเปลี่ยนรายการเมนู จากนั้นกดแป้นเลื่อนเพื่อเปิดหรือปิดการตรวจจับวัตถุเคลื่อนที่ (MOD)",97,ที่แสดงใน เมนู “เซ็นเซอร์จอดรถ” ให้ใช้แป้นเลื่อนเพื่อเลือกและ เปลี่ยนรายการเมนู:   -วัตถุเคลื่อนที่ กดแป้นเลื่อนเพื่อเปิด/ปิดการตรวจจับวัตถุเคลื่อนที่ (MOD)   -แสดงโซนาร์อัตโนมัติ ช่วยให้ผู้ใช้เปิด/ปิดตัวแสดงระบบเซ็นเซอร์จอดรถได้   -ด้านหน้า ช่วยให้ผู้ใช้เปิด/ปิดเซ็นเซอร์ด้านหน้าได้  -ด้านหลัง ช่วยให้ผู้ใช้เปิด/ปิดเซ็นเซอร์ด้านหลังได้,docs/Text_PDF_.pdf,"['จอดรถ', 'จอด', 'ปิด', 'เลือก', 'ปิดตัว']"
10,วิธีการตรวจจับรถคันอื่นที่เข้าใกล้จากด้านขวาหรือด้านซ้ายของรถในระบบช่วยเตือนขณะถอยรถคืออะไร?,ระบบช่วยเตือนขณะถอยรถ (RCTA) ใช้เซ็นเซอร์เรดาร์เพื่อตรวจจับรถคันอื่นที่เข้าใกล้จากด้านขวาหรือด้านซ้ายของรถขณะที่คุณกำลังถอยรถ หากรถคันอื่นอยู่ในบริเวณตรวจจับ ระบบจะส่งเสียงเตือน (2 ครั้ง) และไฟแสดง BSW จะกะพริบเพื่อแจ้งให้คุณรับรู้ถึงการเข้าใกล้ของรถคันอื่นในบริเวณด้านขวาหรือด้านซ้ายของรถขณะถอยรถ,250,ตรวจเช็คและขจัดวัตถุต่างๆ ที่บดบังบริเวณรอบเซ็นเซอร์เรดาร์ อย่าติดสติกเกอร์ (รวมทั้งวัสดุโปร่งใส) ติดตั้งอุปกรณ์เสริมหรือพ่นสีเพิ่มเติมใกล้เซ็นเซอร์เรดาร์ อย่ากระแทกหรือทําให้บริเวณรอบเซ็นเซอร์เรดาร์เสียหาย ติดต่อศูนย์บริการมิตซูบิชิที่ได้รับอนุญาต หรือร้านซ่อมอื่นที่ได้รับอนุญาตหากบริเวณรอบเซ็นเซอร์เรดาร์เสียหายเนื่องจากการชน ระบบช่วยเตือนขณะถอยรถ (RCTA)* E00652400433 ระบบช่วยเตือนขณะถอยรถ (RCTA) จะช่วยคุณเมื่อถอยรถออกจากที่จอดรถ เมื่อรถกําลังถอยหลัง ระบบได้รับการออกแบบเพื่อตรวจจับรถคันอื่นที่เข้าใกล้จากด้านขวาหรือด้านซ้ายของรถ หากระบบตรวจพบการจราจรตัดผ่านด้านหลังรถ ระบบจะแจ้งเตือนคุณ,docs/Text_PDF_.pdf,"['อุปกรณ์เสริม', 'จับรถ', 'E00652400433', 'จอดรถ', 'ใกล้จาก']"
11,ระบบ ASTC ทำงานอย่างไรเมื่อคุณขับรถไปสักพักหลังจากสตาร์ทเครื่องยนต์?,"เมื่อคุณขับรถไปสักพักหลังจากสตาร์ทเครื่องยนต์, ระบบ ASTC (Active Stability and Traction Control) จะทำงานโดยอัตโนมัติเพื่อช่วยให้รถคงที่และมีเสถียรภาพในการขับขี่ ระบบนี้ใช้เซ็นเซอร์ตรวจจับการเคลื่อนไหวของรถและระบบเบรกเพื่อควบคุมการเคลื่อนไหวของล้อแต่ละล้อ

เมื่อระบบ ASTC ทำงาน คุณอาจรู้สึกถึงการสั่นสะเทือนในตัวรถหรือได้ยินเสียงดังมาจากห้องเครื่องยนต์ ซึ่งแสดงว่าระบบทำงานเป็นปกติและช่วยให้รถมีเสถียรภาพในการขับขี่

อย่างไรก็ตาม, ระบบ ASTC ไม่สามารถป้องกันรถจากกฎธรรมชาติแห่งฟิสิกส์ได้ การขับขี่อย่างประมาทอาจทำให้เกิดอุบัติเหตุได้ ดังนั้น, การขับขี่อย่างระมัดระวังโดยพิจารณาสภาพการจราจร ถนน และสภาพแวดล้อมอื่นๆ เป็นสิ่งสำคัญที่คนขับต้องทำเพื่อความปลอดภัย",233,(LSD) ที่ไม่ได้มาจากโรงงานกับรถของคุณ มิฉะนั้น ฟังก์ชันควบคุมเสถียรภาพอาจทํางานผิดพลาด หมายเหตุ ●อาจมีเสียงการทํางานดังมาจากห้องเครื่องยนต์ในสถานการณ์ต่อไปนี้ เสียงจะเกี่ยวข้องกับการตรวจสอบการทํางานของระบบ ASTC ในเวลานี้ คุณอาจรู้สึกถึงแรงกระแทกจากแป้นเบรกหากคุณเหยียบเบรก ซึ่งไม่ได้แสดงถึงความผิดปกติแต่อย่างใด ○เมื่อบิดสวิตช์กุญแจไปที่ตําแหน่ง “ON” หรือปรับโหมดการทํางานไปที่ ON ○เมื่อขับรถไปสักพักหลังจากสตาร์ทเครื่องยนต์ หมายเหตุ ●เมื่อระบบ ASTC ทํางาน คุณอาจรู้สึกถึงการสั่นสะเทือนในตัวรถหรือได้ยินเสียงดังมาจากห้องเครื่องยนต์ ซึ่งแสดงว่าระบบทํางานเป็นปกติ,docs/Text_PDF_.pdf,"['งาน', 'อาจทํา', 'เมื่อ', 'เมื่อ', 'ขับ']"
12,วิธีแก้ปัญหาเมื่อแบตเตอรี่กุญแจอัจฉริยะหมดประจุและกุญแจอัจฉริยะไม่สื่อสารกับรถได้อย่างไร?,"หากแบตเตอรี่กุญแจอัจฉริยะหมดประจุและกุญแจอัจฉริยะไม่สื่อสารกับรถได้ คุณสามารถแก้ไขปัญหาได้โดยทำตามขั้นตอนต่อไปนี้:

1. ตรวจสอบว่าไฟแสดงบนกุญแจอัจฉริยะเปิดขึ้นหรือไม่ หากเปิดขึ้น ให้แตะสวิตช์เครื่องยนต์ด้วยกุญแจอัจฉริยะ และกดสวิตช์เครื่องยนต์ในขณะที่เหยียบแป้นคลัตช์หรือแป้นเบรก ภายใน 10 วินาทีหลังจากเสียงเตือนดังขึ้น

2. ตรวจสอบว่าแบตเตอรี่ถูกติดตั้งอย่างแน่นหรือไม่ และตรวจเช็คการต่อขั้วแบตเตอรี่ว่าแน่นดีหรือไม่

3. หากคุณไม่ได้ใช้รถเป็นเวลานาน คุณสามารถถอดแบตเตอรี่และเก็บไว้ในที่ปลอดภัยเพื่อป้องกันน้ำกลั่นแข็งตัว และหมั่นชาร์จแบตเตอรี่ให้เต็มอยู่เสมอ

4. ตรวจสอบสภาพยางรถยนต์ว่าสึกหรือชำรุดหรือไม่ และตรวจเช็คการเติมลมยางว่าเหมาะสมหรือไม่ การขับรถที่ยางสึกหรือชำรุดอาจทำให้ควบคุมรถไม่ได้หรือทำให้ยางระเบิด ซึ่งอาจเกิดอุบัติเหตุและบาดเจ็บได้

หากทำตามขั้นตอนเหล่านี้แล้วปัญหายังคงอยู่ แนะนำให้ตรวจเช็คสภาพแบตเตอรี่ที่ศูนย์บริการมิตซูบิชิที่ได้รับอนุญาต และชาร์จหรือเปลี่ยนแบตเตอรี่ตามความจำเป็น",116,"แผงหน้าปัดและอุปกรณ์ควบคุม 5  ไฟแสดงการทํางาน ไฟเตือน และรายการตัวแสดงบนหน้าจอแสดงข้อมูล (หน้าจอแสดงข้อมูลรวม - แบบที่ 1) 5-26  หน้าจอ: สาเหตุ: แบตเตอรี่กุญแจอัจฉริยะหมดประจุ และเมื่อกุญแจอัจฉริยะกับรถไม่สื่อสารกันตามปกติ วิธีแก้ป้ญหา (อ้างอิง): แตะสวิตช์เครื่องยนต์ด้วยกุญแจอัจฉริยะ (เสียงเตือนจะดังขึ้น) จากนั้นกดสวิตช์เครื่องยนต์ในขณะที่เหยียบแป้นคลัตช์ (เกียร์ธรรมดา) หรือแป้นเบรก (เกียร์อัตโนมัติ) ภายใน 10 วินาทีหลังจากเสียงเตือนดังขึ้น ให้ดเรื่อง ""หากกุญแจอัจฉริยะทํางานไม่ถูกต้อง"" หน้า 6-19 หน้าจอ: สาเหตุ: หากไม่ได้คาดเข็มขัดนิรภัยด้านหลัง เบาะนั่งที่ไม่ได้",docs/Text_PDF_.pdf,"['อัตโนมัติ', 'งาน', 'อ้างอิง', '', 'รายการตัว']"
13,"ทำไมการเตือน ""ไฟแสดงการทํางาน ASTC หรือ ASTC OFF"" จะปรากฏขึ้นเมื่อเหยียบคันเร่งในขณะที่ใส่เบรกมือ?","การเตือน ""ไฟแสดงการทํางาน ASTC หรือ ASTC OFF"" จะปรากฏขึ้นเมื่อเหยียบคันเร่งในขณะที่ใส่เบรกมือเพื่อแจ้งเตือนว่าระบบควบคุมเสถียรภาพทั้งการออกตัวและการเข้าโค้ง (ASTC) อาจถูกปิดใช้งานชั่วคราว วิธีแก้ไขปัญหานี้คือการปลดเบรกมือ",118,ให้ดูเรื่อง “ไฟแสดงการทํางาน ASTC หรือ ASTC OFF” หน้า 6-72 หน้าจอ: สาเหตุ: การเตือนนี้จะปรากฏขึ้นเมื่อเหยียบคันเร่งในขณะที่ ใส่เบรกมือ  วิธีแก้ป้ญหา (อ้างอิง): ปลดเบรกมือ,docs/Text_PDF_.pdf,"['งาน', 'อ้างอิง', 'มือ', 'คัน', 'เบรกมือ']"
14,การจอดรถไว้กลางแดดจัดจะทําให้อากาศในห้องโดยสารร้อนมากและจะต้องใช้เวลานานกว่าจะทําให้ห้องโดยสารเย็น ถ้าจำเป็นต้องจอดรถกลางแดด ควรทำอย่างไรเพื่อไล่อากาศร้อนออกไปก่อน?,ถ้าจำเป็นต้องจอดรถกลางแดด คุณควรเปิดหน้าต่างในช่วงสองสามนาทีแรกที่เครื่องปรับอากาศทำงานเพื่อไล่อากาศร้อนออกไปก่อน นอกจากนี้คุณยังสามารถใช้ผ้าช็อตหรือผ้าเช็ดหน้าต่างเพื่อเปิดหน้าต่างเล็กน้อยเพื่อให้อากาศร้อนหายไปได้เร็วขึ้น อย่างไรก็ตาม คุณควรระวังให้มั่นใจว่ารถยนต์ของคุณปลอดภัยและไม่มีคนเข้ามาในระหว่างที่คุณทำการเปิดหน้าต่าง,281,ข้อควรระวัง     • ความเร็วรอบเครื่องยนต์อาจเพิ่มขึ้นขณะที่ระบบ ปรับอากาศกําลังทํางาน เมื่อความเร็วรอบเครื่องยนต์เพิ่มขึ้น รถเกียร์อัตโนมัติจะ มีการเคลื่อนที่เร็วมากกว่าเมื่อความเร็วรอบเครื่องยนต์ ตํ่า ให้เหยียบแป้นเบรกจนสุดเพื่อป้องกันรถเคลื่อนที่     • จอดรถไว้ในที่ร่ม การจอดรถไว้กลางแดดจัดจะทําให้อากาศในห้อง โดยสารร้อนมากและจะต้องใช้เวลานานกว่าจะทําให้ ห้องโดยสารเย็น หากจําเป็นต้องจอดรถกลางแดด ให้เปิดหน้าต่างใน ช่วงสองสามนาทีแรกที่เครื่องปรับอากาศทํางานเพื่อ ไล่อากาศร้อนออกไปก่อน    • ขณะที่เครื่องปรับอากาศทํางาน ให้ปิดหน้าต่างให้สนิท ทุกบานเพื่อป้องกันมิให้อากาศจากภายนอกเข้ามา ข้างใน,docs/Text_PDF_.pdf,"['งาน', 'จอด', 'จอดรถ', 'ควรระวัง', '']"
15,คุณสามารถตั้งค่าโหมด ECO ได้อย่างไร?,"คุณสามารถตั้งค่าโหมด ECO ได้โดยการเข้าสู่เมนู ""การตั้งค่าโหมด ECO"" ที่อยู่ในหน้าจอการตั้งค่าของรถ. ในหน้าจอนี้คุณสามารถใช้แป้นเลื่อนเพื่อเลือกและเปลี่ยนรายการเมนูที่แสดง. รายการเมนูที่แสดงอาจแตกต่างกันไปตามอุปกรณ์ของรถของคุณ.",18,การช่วยเหลือผู้ขับขี่หน้า5-9 การตั้งค่าโหมดECOหน้า5-10 การตั้งค่าTPMS*หน้า5-10 นาฬิกาหน้า5-11 การตั้งค่ารถหน้า5-11 การบํารุงรักษาหน้า5-13 จอแสดงการปรับแต่งหน้า5-13 หน่วยภาษาหน้า5-14 การตั้งค่าเชื่อมโยงกับกุญแจ*หน้า5-14 การรีเซ็ตเป็นค่าเริ่มต้นจากโรงงานหน้า5-14 ให้ดูเรื่อง“หน้าจอแสดงข้อมูลรวม-แบบที่1”หน้า5-3,docs/Text_PDF_.pdf,"['งาน', 'การปรับแต่ง', '14', '', '*']"
16,เบาะนั่งนี้เหมาะกับอุปกรณ์นิรภัยสำหรับเด็กประเภทใด?,"เบาะนั่งนี้เหมาะกับอุปกรณ์นิรภัยสำหรับเด็กประเภท ""ยูนิเวอร์แซล"" ที่สามารถยึดได้ด้วยเข็มขัดนิรภัยของรถ และเหมาะกับอุปกรณ์นิรภัยสำหรับเด็กแบบ i-Size และ ISOFIX และเหมาะกับอุปกรณ์นิรภัยสำหรับเด็กแบบหันไปข้างหน้าเท่านั้น",64,เบาะนั่งและเข็มขัดนิรภัย 4-13 การเลือกอุปกรณ์นิรภัยสําหรับเด็กในแต่ละตําแหน่งเบาะนั่ง ซิงเกิลแค็บและเมกะแค็บ เหมาะกับอุปกรณ์นิรภัยสําหรับเด็กประเภท “ยูนิเวอร์แซล” ที่สามารถยึดได้ด้วยเข็มขัดนิรภัยของรถ เหมาะกับอุปกรณ์นิรภัยสําหรับเด็กแบบ i-Size และ ISOFIX ไม่เหมาะกับอุปกรณ์นิรภัยสําหรับเด็ก เบาะนั่งนี้ติดตั้งที่ยึดด้านหลังเบาะตัวบน* 1: ขณะถุงลมนิรภัย SRS ด้านผู้โดยสารด้านหน้าปิดการทํางานโดยสวิตช์ตัดการทํางานถุงลมนิรภัย SRS ด้านผู้โดยสารด้านหน้า*,docs/Text_PDF_.pdf,"['งาน', 'นิรภัยของ', 'โดยสารด้าน', '*', 'ถุงลมนิรภัย']"
17,ถุงลมนิรภัย SRS ด้านคนขับและผู้โดยสารด้านหน้าจะถูกออกแบบให้พองตัวพร้อมกันแม้ว่าจะไม่มีผู้โดยสารที่เบาะนั่งหรือไม่?,"ใช่, ถุงลมนิรภัย SRS ด้านคนขับและผู้โดยสารด้านหน้าถูกออกแบบให้พองตัวพร้อมกันแม้ว่าจะไม่มีผู้โดยสารที่เบาะนั่งอยู่ในรถยนต์",79,SRS ด้านผู้โดยสารด้านหน้าจะถูกปิดการทํางานและจะไม่ทํางานจนกว่าจะเปิดอีกครั้ง ระบบถุงลมนิรภัย SRS ด้านคนขับและผู้โดยสารด้านหน้า E00407402259 ถุงลมนิรภัย SRS ด้านคนขับจะติดตั้งอยู่ใต้ฝาครอบบริเวณกึ่งกลางพวงมาลัย ส่วนถุงลม SRS ด้านผู้โดยสารด้านหน้าจะบรรจุอยู่ในแผงหน้าปัดเหนือกล่องเก็บของถุงลมนิรภัย SRS ด้านคนขับและถุงลมนิรภัย SRS ด้านผู้โดยสารด้านหน้าถูกออกแบบให้พองตัวพร้อมกันแม้ว่าจะไม่มีผู้โดยสารที่เบาะนั่ง ระบบถุงลมนิรภัย SRS ที่หัวเข่าคนขับ E00412401410 ถุงลมนิรภัย SRS ที่หัวเข่าคนขับจะอยู่ใต้พวงมาลัย ถุงลมนิรภัย SRS ที่หัวเข่าคนขับถูกออกแบบมาให้พองตัวพร้อมกับถุงลมนิรภัย SRS ด้านคนขับ,docs/Text_PDF_.pdf,"['E00412401410', 'E00407402259', 'งาน', 'ขับ', 'โดยสารด้าน']"
18,ถ้าไฟเตือนสว่างขึ้นขณะที่เค,ถ้าไฟเตือนสว่างขึ้นขณะที่เครื่องยนต์กำลังทำงาน คุณควรปฏิบัติตามขั้นตอนที่ระบุในรายการการเตือน เช่น กดสวิตช์เครื่องยนต์อย่างรวดเร็วติดต่อกันสามครั้งในเวลาน้อยกว่า 1.5 วินาที หรือกดสวิตช์เครื่องยนต์ค้างไว้นานกว่า 2 วินาทีหลังจากดับเครื่องยนต์แล้วเปิดประตูเพื่อกลับสู่สภาวะปกติ,231,หากมีการทํางานผิดปกติในระบบ ไฟเตือนจะสว่างขึ้น ในสภาวะปกติ ไฟเตือนจะสว่างขึ้นเมื่อปรับโหมดการทํางานไปที่ ON และจะดับลงหลังจากที่เครื่องยนต์สตาร์ท ข้อควรระวัง ●หากไฟเตือนสว่างขึ้นขณะที่เครื่องยนต์ทํางาน ให้นํารถเข้ารับการตรวจสอบที่ศูนย์บริการมิตซูบิชิที่ได้รับอนุญาตโดยเร็วที่สุด โดยการบังคับพวงมาลัยจะทําได้ยากขึ้น การควบคุมแชสซี E00698700023 การควบคุมแชสซีเป็นโมดูลควบคุมไฟฟ้าที่มีฟังก์ชันดังต่อไปนี้: ●ระบบควบคุมการขับเคลื่อนและการเบรก (AYC) ระบบควบคุมการขับเคลื่อนและการเบรก (AYC) E00698800024 ระบบควบคุมการขับเคลื่อนและการเบรก คือ ระบบที่มีฟังก์ชันควบคุมการเอียง,docs/Text_PDF_.pdf,"['E00698700023', 'E00698800024', 'งาน', 'ควรระวัง', 'จะสว่าง']"
19,การเลือกโหมดการขับเคลื่อน 4 ล้อในรถจะทำอย่างไร?,เพื่อเลือกโหมดการขับเคลื่อน 4 ล้อในรถ คุณต้องกดปุ่มเลือกโหมดการขับเคลื่อน 4 ล้อ ที่ตำแหน่งที่สอดคล้องกับสภาพการทำงานของรถ โดยปุ่มนี้จะมีไฟแสดงสถานะการทำงาน 4H เมื่อกำลังเปลี่ยนโหมดการขับเคลื่อน 4 ล้อ,191,“N” (เกียร์ว่าง) ก่อนจะใช้งานปุ่มเลือกโหมดการขับเคลื่อน 4 ล้อ เมื่อรถกําลังแล่นและขับในทางตรง ให้ปล่อยคันเร่งก่อนใช้งานปุ่มเลือกโหมดการขับเคลื่อน 4 ล้อปุ่มเลือกโหมดการขับเคลื่อน 4 ล้อสามารถทํางานได้ไม่ว่ารถกําลังแล่นหรือจอดอยู่กับที่ เมื่อรถจอดอยู่กับที่ ให้เลื่อนคันเกียร์ไปที่ตําแหน่ง “N” (เกียร์ว่าง) ก่อนจะใช้งานปุ่มเลือกโหมดการขับเคลื่อน 4 ล้อ เมื่อรถกําลังแล่นและขับในทางตรง ให้เลื่อนคันเกียร์ไปที่ตําแหน่ง “D” (ขับเคลื่อน) แล้วปล่อยคันเร่งก่อนใช้งานปุ่มเลือกโหมดการขับเคลื่อน 4 ล้อ4H2H,docs/Text_PDF_.pdf,"['เกียร์ว่าง', 'งาน', 'จอด', 'ขับ', 'ขับใน']"
20,เมื่อต้องการปลดเข็มขัดนิรภัยออก คุณควรใช้เครื่องมืออะไร?,ไม่มีข้อมูลในเนื้อหาที่ให้มาที่กล่าวถึงการปลดเข็มขัดนิรภัย ดังนั้นฉันไม่สามารถตอบคำถามของคุณได้ แนะนำให้คุณปฏิบัติตามคำแนะนำที่ระบุไว้ในคู่มือหรือคำแนะนำจากผู้ผลิตของรถยนต์ของคุณ,57,-  ปรับเข็มขัดนิรภัยให้กระชับพอดีกับผู้คาด -  คาดเข็มขัดนิรภัยส่วนหน้าตักเหนือสะโพกเสมอ -  อย่าปล่อยให้เด็กเล่นเข็มขัดนิรภัย เข็มขัดอาจพันรอบตัวเด็กแล้วหดกลับทําให้รัดแน่น อาจทําให้ได้รับบาดเจ็บหรือเสียชีวิตเพราะหายใจไม่ออกซึ่งสามารถเกิดได้แม้ว่ารถจะจอดอยู่หากไม่สามารถปลดเข็มขัดออกได้ ให้ใช้เครื่องมือที่เหมาะสม เช่นมีดหรือกรรไกรเพื่อตัดเข็มขัด -  ใช้เข็มขัดนิรภัยเพื่อคาดเข็มขัดนิรภัยเท่านั้น หรืออุปกรณ์นิรภัยสําหรับเด็กประเภทยูนิเวอร์แซล(ให้ดูเรื่อง “อุปกรณ์นิรภัยสําหรับเด็ก” หน้า 4-10)ห้ามใช้เพื่อยึดสินค้า มิฉะนั้นอาจทําให้เกิดความเสียหาย,docs/Text_PDF_.pdf,"['อาจทํา', 'จอด', 'รัด', 'เด็กแล้ว', 'นิรภัยส่วน']"
21,หากตัวแสดงเตือนปรากฏบนหน้าจอ LCD สี E00661100218 ระบบจะทำอย่างไร?,หากตัวแสดงเตือนปรากฏบนหน้าจอ LCD สี E00661100218 ระบบอาจทำงานผิดปกติ และควรนำรถเข้ารับการตรวจสอบที่ศูนย์บริการมิตซูบิชิที่ได้รับอนุญาตทันที,186,รถรุ่นที่ติดตั้งหน้าจอ LCD สี E00661100218 ระบบอาจทํางานผิดปกติหากตัวแสดงเตือน หรือตัวแสดงเตือน ปรากฏบนหน้าจอแสดงข้อมูลรวม,docs/Text_PDF_.pdf,"['E00661100218', 'งาน', 'อาจทํา', 'ปรากฏบน', 'สี']"
22,การอ่านข้อมูลที่บันทึกโดย EDR ต้องใช้อุปกรณ์พิเศษหรือไม่?,ใช่ การอ่านข้อมูลที่บันทึกโดย EDR จำเป็นต้องใช้อุปกรณ์พิเศษเพื่อเข้าถึงรถยนต์หรือ EDR ที่บันทึกข้อมูลไว้,28,การอ่านข้อมูลที่บันทึกโดยEDRจําเป็นต้องใช้อุปกรณ์พิเศษและการเข้าถึงรถยนต์หรือEDRนอกจากนี้ผู้ผลิตรถยนต์กลุ่มบุคคลอื่นเช่นตํารวจซึ่งมีอุปกรณ์พิเศษจะสามารถอ่านข้อมูลได้หากพวกเขาเข้าถึงรถยนต์หรือEDR,docs/Text_PDF_.pdf,"['EDRจําเป็น', 'เช่นตํารวจ', 'สามารถอ่าน', 'หรือEDRนอก', 'อุปกรณ์พิเศษ']"
23,ตำแหน่งปุ่มเลือกการขับเคลื่อน 4 ล้อตัวแสดง2Hกำลังเปลี่ยนโหมดการขับเคลื่อน 4 ล้อ4H คืออะไร?,4H คือโหมดการขับเคลื่อน 4 ล้อที่ใช้เมื่อขับขี่บนถนนลาดยางหรือถนนลื่นในสภาพต่างๆ โหมดนี้จะทำให้รถแล่นด้วยการขับเคลื่อนทั้ง 4 ล้อตลอดเวลา เพื่อเพิ่มความเสถียรภาพและการเกาะที่ถนนในสภาพเส้นทางที่ลื่นไหล่หรือมีความเร็วสูง,197,": กะพริบ (ตัวแสดงโหมดการขับเคลื่อน4 ล้อกะพริบด้วย) : สว่าง : ดับ “4H”  “4HLc” 
: กะพริบ (ตัวแสดงโหมดการขับเคลื่อน 4 ล้อกะพริบด้วย) : สว่าง : ดับ ตําแหน่งปุ่มเลือกการขับเคลื่อน 4 ล้อตัวแสดง2Hกําลังเปลี่ยนโหมดการขับเคลื่อน 4 ล้อ4H
ตําแหน่งปุ่มเลือกการขับเคลื่อน 4 ล้อตัวแสดง4Hกําลังเปลี่ยนโหมดการขับเคลื่อน 4 ล้อ4HLc",docs/Text_PDF_.pdf,"['เลือก', 'โหมดการขับเคลื่อน', 'เลือกการ', 'ตําแหน่งปุ่ม', 'แสดงโหมด']"
24,เมื่อเซ็นเซอร์จอดรถตรวจจับวัตถุดังต่อไปนี้ไม่ได้ จะเกิดอะไรขึ้น?,หากเซ็นเซอร์จอดรถไม่สามารถตรวจจับวัตถุได้ อาจเกิดความไม่ปลอดภัยในการขับขี่ เนื่องจากไม่สามารถตรวจจับรถหรือวัตถุที่อยู่ใกล้เคียงได้ ซึ่งอาจทำให้เกิดการชนกับรถหรือวัตถุที่ไม่ได้ตรวจจับ ซึ่งอาจส่งผลให้เกิดการบาดเจ็บหรือเสียชีวิตได้,257,24UT(THAI) _T00UMA000P_OM_THAI.indb 90  22/3/2566 11:36:39  223 6-91 การสตาร์ทเครื่องยนต์และการขับขี่  เซ็นเซอร์จอดรถ (หน้า/หลัง)* 6   คําเตือน     • เมื่อบริเวณเซ็นเซอร์ส่วนหนึ่งเป็นนํ้าแข็ง การแสดง ความคลาดเคลื่อนจะปรากฏขึ้น และเซ็นเซอร์จอด รถอาจตรวจจับสิ่งกีดขวาง เช่น กําแพงไม่ได้แม้ว่า ปรากฏอยู่ก็ตาม (การทํางานจะกลับไปเป็นปกติหลัง จากนํ้าแข็งละลาย)     • ระบบเซ็นเซอร์จอดรถอาจตรวจจับวัตถุดังต่อไปนี้ ไม่ได้:    o คนเดินถนนที่เข้าใกล้รถจากด้านข้าง    o วัตถุที่วางใกล้รถ     • ระบบเซ็นเซอร์จอดรถอาจไม่ทํางานในสภาพ ดังต่อไปนี้:    o เมื่อนํ้าฝน หิมะ นํ้าแข็ง สิ่งสกปรก ฯลฯ เกาะอยู่,docs/Text_PDF_.pdf,"['T00UMA000P_OM_THAI.indb', 'T00UMA000P_OM_', '_T00UMA000P_OM_', 'หลัง', '113639']"
25,ถ้าไฟไม่ดับหลังจากเครื่องยนต์สตาร์ท ควรทำอย่างไร?,"หากไฟไม่ดับหลังจากเครื่องยนต์สตาร์ท คุณสามารถทำตามขั้นตอนต่อไปนี้:

1. บิดสวิตช์กุญแจกลับไปยังตำแหน่ง ""LOCK"" แล้วบิดสวิตช์ไปที่ตำแหน่ง ""ON"" เพื่อเผาหัวอีกครั้ง
2. หากเครื่องยนต์ยังไม่สตาร์ทภายใน 5 วินาที ให้บิดสวิตช์กุญแจไปที่ตำแหน่ง ""START"" โดยไม่ต้องเหยียบคันเร่ง และปล่อยสวิตช์กุญแจเมื่อเครื่องยนต์สตาร์ทติด

หากทำตามขั้นตอนดังกล่าวแล้วเครื่องยนต์ยังไม่สตาร์ท อาจมีปัญหาในระบบการชาร์จไฟ ให้จอดรถในที่ปลอดภัยทันทีและนำรถเข้ารับการตรวจสอบที่ศูนย์บริการที่ได้รับอนุญาตที่ใกล้ที่สุด",127,วิเคราะห์ป้ญหาของเครื่องยนต์ซึ่งคอย ควบคุมการปล่อยไอเสีย ระบบควบคุม เครื่องยนต์ หรือระบบควบคุม A/T ถ้าตรวจพบป้ญหาขึ้นในส่วนใดส่วนหนึ่งของระบบเหล่านี้ ไฟจะสว่างขึ้นหรือกะพริบ ให้คุณรีบนํารถเข้ากับการตรวจสอบระบบ แม้ว่ารถจะยัง คงขับได้และไม่ต้องลากจูง ไฟนี้ยังสว่างขึ้นเมื่อสวิตช์กุญแจเปลี่ยนเป็น “ON” หรือ โหมดการทํางานอยู่ที่ ON และดับลงหลังจากสตาร์ท เครื่องยนต์แล้ว หากไฟไม่ดับหลังจากเครื่องยนต์สตาร์ท ให้นํารถเข้ารับการตรวจสอบที่ศูนย์บริการมิตซูบิชิที่ได้ รับอนุญาต  ข้อควรระวัง  -การขับรถเป็นระยะเวลานานในขณะที่ไฟนี้ติดอยู่ อาจจะทําให้เกิดความเสียหายขึ้นกับระบบควบคุม ไอเสีย,docs/Text_PDF_.pdf,"['งาน', 'นี้ติด', 'ขับ', 'ควรระวัง', 'หา']"
26,เมื่อติดตั้งอุปกรณ์นิรภัยสําหรับเด็กบนเบาะนั่งผู้โดยสารด้านหน้า ควรตรวจสอบอะไรก่อน?,ควรตรวจสอบการยึดเข็มขัดนิรภัยที่ไหล่อยู่ข้างหน้าปลอกเลื่อนอุปกรณ์นิรภัยสำหรับเด็ก และเลื่อนเบาะนั่งผู้โดยสารด้านหน้าไปข้างหน้า เพื่อป้องกันไม่ให้เบาะนั่งหน้าสัมผัสกับเท้าเด็กและอุปกรณ์นิรภัยสำหรับเด็ก,65,เบาะนั่งและเข็มขัดนิรภัย4-14 คําเตือน -  เมื่อติดตั้งอุปกรณ์นิรภัยสําหรับเด็กบนเบาะนั่งผู้โดยสารด้านหน้า ให้ตรวจยืนยันว่าไฟแสดง OFF ของไฟแสดงถุงลมนิรภัย SRS ด้านผู้โดยสารด้านหน้าติดสว่าง กลุ่ม:ตําแหน่งเบาะนั่งที่เหมาะสมกับเข็มขัดนิรภัยแบบยูนิเวอร์แซล (ได้/ไม่ได้) เปิดการทํางานถุงลมนิรภัย:ไม่ได้ ปิดการทํางานถุงลมนิรภัย*1:ได้*2 กลุ่ม:ตําแหน่งเบาะนั่งที่เหมาะสมกับ i-Size และ ISOFIX (ได้/ไม่ได้),docs/Text_PDF_.pdf,"['งาน', '14', 'นั่งที่', 'โดยสารด้าน', '*2']"
27,ควรทำอย่างไรเมื่อต้องการใช้ด้ามแม่แรง?,"เมื่อต้องการใช้ด้ามแม่แรง คุณควรทำตามขั้นตอนต่อไปนี้:

1. ตรวจสอบว่าจุดขึ้นแม่แรงของรถถูกต้องตามที่กำหนดหรือไม่ และตรวจสอบว่าแม่แรงสัมผัสกับจุดขึ้นแม่แรงของรถอย่างถูกต้อง

2. ยกด้ามแม่แรงขึ้นลงเพื่อยกแท่นขึ้นจนแม่แรงสัมผัสจุดขึ้นแม่แรงของรถ

3. ขึ้นแม่แรงจนกระทั่งล้อพ้นจากพื้นดินเล็กน้อย แต่ไม่ควรขึ้นสูงจนเกินไป เพราะอาจทำให้เกิดอันตรายได้อย่างอยู่ใต้ท้องรถขณะขึ้นแม่แรง

4. อย่าชนรถที่อยู่บนแม่แรงและอย่าทิ้งรถไว้บนแม่แรงเป็นเวลานาน เพราะทำให้เกิดอันตรายได้

5. อย่าใช้แม่แรงอื่นยกเว้นที่ติดมากับรถของคุณ และไม่ควรใช้แม่แรงเพื่อจุดประสงค์อื่นนอกจากการเปลี่ยนยางรถ

6. ไม่ควรมีคนอยู่ในรถขณะขึ้นแม่แรงอย่าสตาร์ทเครื่องยนต์ขณะขึ้นแม่แรง

7. อย่าหมุนล้อที่ยกขึ้นด้วยแม่แรง เพราะล้อข้างที่อยู่ติดพื้นอาจจะหมุน ทำให้รถเลื่อนตกจากแม่แรงได้",315,ให้ส่วนที่เป็นแถบสีดํา (G)ของด้ามแม่แรงตรงกับที่ยึด (F) การใช้ด้ามแม่แรง (เมกะแค็บ) 1. ขณะที่กดสลักล็อก (A) บนด้ามแม่แรงที่มีเครื่องหมายสีดําเอาไว้ ให้ดึงด้ามชั้นใน (B) และถอดออกมา 2. กลับด้านด้ามชั้นใน (B) จากนั้น กดสลักล็อก (C) เอาไว้แล้วเสียบด้ามชั้นในเข้าไปในด้ามชั้นนอก (D)จนกระทั่งสลักล็อกด้ามเอาไว้ดังภาพ 3. ขณะที่กดสลักล็อก (F) บนด้ามที่ต่อแล้ว (E) เอาไว้ให้เสียบด้ามที่มีเครื่องหมายสีขาว (G) เข้าไปจนกระทั่งสลักล็อกด้ามเอาไว้ดังภาพ,docs/Text_PDF_.pdf,"['ไว้ดัง', 'เข้าไป', 'ดึงด้าม', 'เมกะแค็บ', 'สี']"
28,"การเตือน ""Key Battery Low"" จะปรากฏขึ้นบนหน้าจอแสดงข้อมูลรวมเมื่อใด?","การเตือน ""Key Battery Low"" จะปรากฏขึ้นบนหน้าจอแสดงข้อมูลรวมเมื่อแบตเตอรี่ของกุญแจอัจฉริยะเหลือน้อยลงและต้องการเปลี่ยนแบตเตอรี่ใหม่โดยเร็วที่สุด",167,“Key Battery Low” จะปรากฏขึ้น (บนหน้าจอแสดงข้อมูลรวม) แม้ว่ากุญแจอัจฉริยะอยู่ในรถ ถือว่าไม่ผิดปกติ แตะสวิตช์เครื่องยนต์ด้วยกุญแจอัจฉริยะอีกครั้งเพื่อปิดการเตือน ●หากการเตือน “Key Battery Low” ปรากฏขึ้น (บนหน้าจอแสดงข้อมูลรวม) ให้เปลี่ยนแบตเตอรี่ทันที ให้ดูเรื่อง “ขั้นตอนการเปลี่ยนแบตเตอรี่กุญแจ” หน้า 3-6 หมายเหตุ ●หากมีวัตถุโลหะหรือกุญแจอื่นอยู่ใกล้กุญแจอัจฉริยะ อาจตรวจไม่พบกุญแจอัจฉริยะ ●แทนที่จะเหยียบแป้นเบรก ระบบจะสามารถตรวจจับกุญแจอัจฉริยะได้ด้วยวิธีเดิมภายในเวลาประมาณ 30 วินาทีหลังจากกดสวิตช์เครื่องยนต์ ●หากต้องการเปลี่ยนโหมดการทํางานโดยไม่สตาร์ทเครื่องยนต์,docs/Text_PDF_.pdf,"['งาน', 'อื่นอยู่', 'อัจฉริยะได้', 'เปลี่ยนแบตเตอรี่', 'ปรากฏขึ้น']"
29,หน้าจออาจแสดงวัตถุอย่างไรในรถ?,หน้าจอในรถอาจแสดงวัตถุที่อยู่ใกล้หรือไกลกว่าความเป็นจริง โดยเส้นอ้างอิงบนหน้าจอจะแสดงระยะห่างของวัตถุจากตัวรถ ถ้าวัตถุอยู่ใกล้รถ เส้นอ้างอิงบนหน้าจอจะดูเหมือนวัตถุอยู่ใกล้กว่าความเป็นจริง แต่ถ้าวัตถุอยู่ไกลจากตัวรถ เส้นอ้างอิงบนหน้าจอจะดูเหมือนวัตถุอยู่ไกลกว่าความเป็นจริง,276,หน้าจออาจแสดงวัตถุ ไม่ชัดเจน     • เมื่อมีแสงจําส่องเข้าที่กล้องโดยตรง วัตถุอาจปรากฏ ขึ้นไม่ชัดเจน     • หน้าจออาจกะพริบใต้แสงไฟ     • สีของวัตถุบนมอนิเตอร์รอบทิศทางอาจค่อนข้าง แตกต่างจากสีของวัตถุจริง     • วัตถุบนมอนิเตอร์รอบทิศทางอาจไม่ชัดเจนและสีของ  • วัตถุในสภาพแวดล้อมที่มืดอาจแตกต่างกัน     • ความคมชัดระหว่างแต่ละภาพจากกล้องมุมสูงอาจ แตกต่างกัน     • อย่าลงแวกซ์ที่เลนส์กล้อง ให้เช็ดแวกซ์ออกด้วย ผําสะอาดที่ชุบสารทําความสะอาดเจือจางหมาดๆ แล้ว จากนั้น เช็ดออกด้วยผําแห้ง   การบํารุงรักษาระบบ E00659300024   หมายเหตุ,docs/Text_PDF_.pdf,"['อาจไม่', 'มุม', 'E00659300024', 'สี', '']"
30,วิธีการทำความสะอาดหนังเทียมและชิ้นส่วนที่รวมกันคืออะไร?,วิธีการทำความสะอาดหนังเทียมและชิ้นส่วนที่รวมกันคือการใช้ผ้านุ่มหรือหนังชามัวส์ชุบน้ำผสมน้ำยาทำความสะอาดที่เป็นกลางแล้วล้างด้วยน้ำทันที จากนั้นใช้น้ำยาชนิดพิเศษเคลือบผิวหน้าชิ้นส่วนให้ทั่ว และล้างน้ำยาออก หลังจากนั้นให้ใช้ผ้านุ่มหรือหนังชามัวส์เช็ดจนแห้งสนิท,324,หนังเทียม ผํา และชิ้นส่วนที่รวมกันอยู่ 1. เช็ดเบาๆ ด้วยผํานุ่มชุบนํ้าผสมสบู่อ่อนๆ 2. จุ่มผําในนํ้าสะอาดและบิดให้แห้ง จากนั้นจึงนําไปเช็ดนํ้ายาทําความสะอาดออกจนหมด หมายเหตุ  ห้ามใช้นํ้ายาทําความสะอาด นํ้ายาปรับสภาพ และสารเคลือบป้องกันใดๆ ที่มีส่วนผสมของซิลิโคน หรือขี้ผึ้งสารเหล่านี้สามารถทําให้สีหลุดลอก และเมื่อใช้กับแผงคอนโซลหรือชิ้นส่วนอื่นๆ อาจทําให้กระจกมัวและทําลายทัศนวิสัยได้นอกจากนี้หากสารเหล่านี้สัมผัสถูกสวิตช์ของอุปกรณ์ไฟฟ้าต่างๆ ก็อาจทําให้เสียหายได้ อย่าใช้ผําใยสังเคราะห์หรือผําแห้ง เพราะอาจทําให้สีหลุดลอกหรือทําลายพื้นผิวได้ อย่าวางที่ดับกลิ่นบนแผงหน้าป้ด,docs/Text_PDF_.pdf,"['อาจทํา', 'ไปเช็ดนํ้ายาทํา', 'พื้นผิว', 'ขี้ผึ้งสาร', 'หรือผํา']"
31,รถรุ่นที่ติดตั้งหน้าจอ LCD สีเดียวมีคุณสมบัติอะไรบ้าง?,"รถรุ่นที่ติดตั้งหน้าจอ LCD สีเดียวมีคุณสมบัติดังนี้:
- กะพริบ: หน้าจอ LCD สีเดียวสามารถกะพริบได้
- สว่าง (ค้าง): หน้าจอ LCD สีเดียวสามารถแสดงสถานะสว่างได้
- ดับ: หน้าจอ LCD สีเดียวสามารถดับได้

นอกจากนี้ยังมีคุณสมบัติเพิ่มเติมที่เกี่ยวข้องกับการปัดน้ำฝน ซึ่งสถานะการปัดน้ำฝนจะแสดงบนหน้าจอ LCD สีเดียวในหน้าจอแสดงข้อมูลรวม คุณสามารถเปลี่ยนการแสดงผลนี้ได้โดยการใช้คันสวิตช์หรือสวิตช์ (A) และสามารถปิดหรือเปิดการแสดงผลบนหน้าจอได้โดยการตั้งค่าฟังก์ชันบนมาตรวัด นอกจากนี้ยังมีฟังก์ชันการทำงานแบบตอบสนองต่อความเร็วรถของที่ปัดน้ำฝนกระจกหน้า ซึ่งสามารถปิดใช้งานหรือเปลี่ยนฟังก์ชันได้โดยการตั้งค่าฟังก์ชันบนมาตรวัด นอกจากนี้ยังมีฟังก์ชันกำจัดหมอก ซึ่งสามารถเปิดหรือปิดการใช้งานได้โดยการเลื่อนคันสวิตช์ไปตามลูกศรแล้วปล่อย ที่ปัดน้ำฝนจะตอบสนองตามการเปิดหรือปิดฟังก์ชันนี้",206,"[รถรุ่นที่ติดตั้งหน้าจอ LCD สีเดียว] 
: กะพริบ : สว่าง (ค้าง) : ดับ [รถรุ่นที่ติดตั้งหน้าจอ LCD สี]",docs/Text_PDF_.pdf,"['ค้าง', 'สี', 'สี', 'รถรุ่น', 'หน้าจอ']"
32,การฟอกขาวหรือย้อมสีสายเข็มขัดนิรภัยสามารถทำได้หรือไม่?,ไม่ควรฟอกขาวหรือย้อมสีสายเข็มขัดนิรภัย เพราะอาจทำให้เสียหายได้ ระบบถุงลมนิรภัย (SRS) คำแนะนำต่อไปนี้เป็นเรื่องสำคัญที่ควรรู้เกี่ยวกับระบบถุงลมนิรภัย SRS ด้านคนขับและผู้โดยสารด้านหน้า ถุงลมนิรภัย SRS ที่หัวเข่าคนขับ ถุงลมนิรภัย SRS ด้านข้างเบาะหน้า และม่านถุงลมนิรภัย SRS,74,ไม่ควรฟอกขาวหรือย้อมสีสายเข็มขัดนิรภัย เพราะอาจทําให้เสียหายได้ ระบบถุงลมนิรภัย (SRS) คําแนะนําต่อไปนี้เป็นเรื่องสําคัญที่ควรรู้เกี่ยวกับระบบถุงลมนิรภัย SRS ด้านคนขับและผู้โดยสารด้านหน้า ถุงลมนิรภัย SRS ที่หัวเข่าคนขับ ถุงลมนิรภัย SRS ด้านข้างเบาะหน้า และม่านถุงลมนิรภัย SRS,docs/Text_PDF_.pdf,"['อาจทํา', 'รู้', 'โดยสารด้าน', 'ขับ', 'เข่า']"
33,ต้องใช้อุปกรณ์อะไรเพื่อทำความสะอาดเข็มขัดนิรภัย?,ในการทำความสะอาดเข็มขัดนิรภัยคุณสามารถใช้ผ้านุ่มเช่นผ้าโปร่งหรือผ้าชุบสารละลายที่ประกอบด้วยน้ำยาชะล้างที่เป็นกลาง 2.5% ในการเช็ดเข็มขัดนิรภัย คุณยังสามารถใช้ผ้านุ่มอื่นๆ เช่นหนังชามัวส์เพื่อเช็ดจนแห้งสนิท,325,การดูแลทําความสะอาดเข็มขัดนิรภัย 1. ใช้ผํานุ่ม เช่น ผําโปร่ง ชุบสารละลายที่ประกอบด้วยนํ้ายาชะล้างที่เป็นกลาง 2.5% พอเปียกหมาดๆ 2. ค่อยๆ เช็ดเข็มขัดนิรภัยด้วยผํานุ่มเพื่อขจัดสิ่งสกปรกออกหากห่วงยึดมีสิ่งสกปรก ให้เช็ดออกด้วย 3. ล้างผํานุ่มด้วยนํ้าสะอาด บิดให้แห้ง และเช็ดนํ้ายาทําความสะอาดออก 4. ก่อนเก็บเข็มขัดนิรภัยที่ดึงออกมาเพื่อทําความสะอาดตรวจดูให้แน่ใจว่าเข็มขัดนิรภัยแห้งและไม่เปียกชื้น หมายเหตุ  ทําความสะอาดเข็มขัดนิรภัยและห่วงยึดต่างๆ เมื่อมีสิ่งสกปรก หรือเมื่อเข็มขัดนิรภัยรั้งกลับติดขัดการดูแลรักษาความสะอาดภายนอกรถหากสิ่งต่อไปนี้ติดอยู่บนรถของคุณอาจทําให้รถสึกกร่อน,docs/Text_PDF_.pdf,"['ไม่เปียกชื้น', 'อาจทํา', 'บนรถ', 'เปียกหมาด', 'นี้ติด']"
34,เมื่อความเร็วระหว่างรถสองคันต่างกันเล็กน้อย ควรทำอย่างไร?,เมื่อความเร็วระหว่างรถสองคันต่างกันเล็กน้อย คุณควรทำการเผื่อระยะห่างระหว่างรถของคุณกับรถคันข้างหน้าให้มากขึ้น เพื่อลดความเสี่ยงที่จะเกิดการชนกันหรือการเบรกกะทันหัน นอกจากนี้คุณยังควรตรวจสอบสภาพถนนว่ามีน้ำแข็งที่เกาะตัวสะสมอยู่หรือไม่ หากมีน้ำแข็งอาจทำให้ล้อล็อกได้ ดังนั้นคุณควรลดความเร็วอย่างระมัดระวังเมื่อเข้าสู่พื้นที่ที่มีความเสี่ยงสูง และควรตรวจสอบความปลอดภัยโดยรอบก่อนออกรถอีกครั้งหลังจากจอดนิ่ง,240,การเร่งหรือลดความเร็วทันที) ■เมื่อรถและคนเดินถนนอยู่เยี้องจากเส้นทางไปข้างหน้าของรถ ■หากความเร็วระหว่างรถสองคันต่างกันเล็กน้อย ■ประมาณ 15 วินาทีหลังจากสตาร์ทเครื่องยนต์ ■หากรถคันหน้าหรือรถที่ใกล้เข้ามามีรูปทรงเฉพาะหรือผิดปกติมีระยะห่างระหว่างความสูงและตํ่ามาก หรือการบรรทุกสัมภาระผิดปกติหรือแคบ (ตัวอย่างเช่น รถจักรยานยนต์) คําเตือน ■เมื่อรถหรือคนเดินถนนอยู่ใกล้เครื่องหมายจราจร บริเวณที่เกิดการสะท้อน (ตัวอย่างเช่น นํ้าบนถนน) หรืออยู่ในเงา ■เมื่อคนเดินถนนหลายคนรวมตัวกัน ■เมื่อรถหรือวัตถุอื่นๆ ทําให้การมองคนเดินถนนไม่ชัดเจน ■ในขณะลากรถพ่วง ■เมื่อวัตถุเป็นคนเดินถนนในเครื่องแต่งกายสีขาว,docs/Text_PDF_.pdf,"['ต่างกัน', 'เมื่อ', 'ระหว่างรถ', 'ระหว่างความ', 'เยี้อง']"
35,ก่อนที่จะใช้งานการควบคุมกระจกหน้าต่างไฟฟ้าคุณควรตรวจสอบสิ่งใดก่อน?,ก่อนที่จะใช้งานการควบคุมกระจกหน้าต่างไฟฟ้าคุณควรตรวจสอบว่าไม่มีสิ่งใดกีดขวางอยู่ เช่น ศีรษะ มือนิ้ว หรือวัตถุอื่นๆ ในพื้นที่ที่ควบคุมกระจกหน้าต่างไฟฟ้า,48,หน้าต่างประตูแต่ละบานจะเปิดหรือปิดโดยการทํางานของสวิตช์ที่เกี่ยวข้อง1- กระจกหน้าต่างด้านคนขับ2- กระจกหน้าต่างด้านผู้โดยสารด้านหน้า3- กระจกหน้าต่างด้านหลังซ้าย (ดับเบิลแค็บ)4- กระจกหน้าต่างด้านหลังขวา (ดับเบิลแค็บ)5- สวิตช์ล็อก คําเตือน -  ก่อนจะใช้งานการควบคุมกระจกหน้าต่างไฟฟ้าให้ตรวจสอบดูว่าไม่มีสิ่งใดกีดขวางอยู่ (ศีรษะ มือนิ้ว ฯลฯ) -  ก่อนออกจากรถ ควรตรวจว่าได้นํากุญแจออกมาแล้ว -  อย่าทิ้งเด็ก (หรือบุคคลที่ไม่สามารถทําการควบคุมกระจกหน้าต่างไฟฟ้าได้อย่างปลอดภัย) ไว้ในรถตามลําพัง,docs/Text_PDF_.pdf,"['ดับเบิลแค็บ', 'งาน', 'ได้นํากุญแจ', 'ขับ', 'โดยสารด้าน']"
36,แผงหน้าปัดแสดงค่าอะไรบ้างในรถยนต์?,"แผงหน้าปัดแสดงค่าในรถยนต์สามารถแสดงข้อมูลต่างๆได้ เช่น อัตราการสิ้นเปลืองเชื้อเพลิงโดยเฉลี่ย, ความเร็ว, มาตรวัดระยะทาง, มาตรวัดการเดินทาง, แรงดันลมยาง, การทำงานของระบบ AS&G (AutoStop&Go), การทำงานของระบบ 2WD/4WD, การทำงานของระบบ AWC (All Wheel Control), และอื่นๆ อีกมากมาย รายการที่แสดงบนแผงหน้าปัดจะแตกต่างกันไปตามอุปกรณ์ของรถยนต์",89,แผงหน้าปัดและอุปกรณ์ควบคุม 5  แผงหน้าปัด 5-2  แผงหน้าปัด แผงหน้าปัด E00500103343 1- มาตรวัดรอบเครื่องยนต์ มาตรวัดรอบเครื่องยนต์จะแสดงความเร็วเครื่องยนต์ เป็นรอบต่อนาที (r/min) ซึ่งสามารถช่วยให้คุณขับขี่ อย่างประหยัด รวมทั้งเตือนว่าอย่าให้รอบเครื่องยนต์ สูงเกินไป (แถบสีแดง  2- หน้าจอแสดงข้อมูลรวม (แบบที่ 1: แบบ LCD สี) -> หน้า 5-3  รายการตัวแสดงบนหน้าจอแสดงข้อมูล (แบบที่ 1) -> หน้า 5-24  หน้าจอแสดงข้อมูลรวม (แบบที่ 2: แบบ LCD สีเดียว) -> หน้า 5-16  3- มาตรวัดความเร็วรถยนต์ (กม./ชม.)  4- เกจวัดอุณหภูมินํ้าหล่อเย็นเครื่องยนต์ (แบบที่ 1) -> หน้า 5-3  5- เกจวัดระดับนํ้ามันเชื้อเพลิง (แบบที่ 1) ->,docs/Text_PDF_.pdf,"['rmin', 'ชม.', 'E00500103343', 'อย่าให้', 'รายการตัว']"
37,แผงหน้าปัดและอุปกรณ์ควบคุมแสดงข้อมูลอะไรบ้างในแบบที่ 1?,"ในแผงหน้าปัดและอุปกรณ์ควบคุมแบบที่ 1 มีหน้าจอแสดงข้อมูลรวมทั้งหมด 5 หน้าจอ ซึ่งแสดงข้อมูลรายการต่างๆ ดังนี้:
1. มาตรวัดความเร็ว
2. การตั้งค่ารถ
3. ข้อมูลคอมพิวเตอร์การเดินทาง
4. การช่วยเหลือผู้ขับขี่
5. ข้อมูลระบบควบคุมความเร็วคงที่
6. ข้อมูลการทํางานของกุญแจอัจฉริยะ
7. ข้อมูลเครื่องเสียง
8. การนําทางแบบเลี้ยวต่อเลี้ยว
9. ไฟแสดงและการเตือน
10. ข้อมูลอื่นๆ

คุณสามารถเปลี่ยนหน้าจอแสดงข้อมูลรวมได้โดยใช้แป้นเลื่อน แบบปุ๋มที่อยู่บนพวงมาลัย 1-แป้นเลื่อน, 2-กลับไปที่เมนูก่อนหน้า, 3-เปลี่ยนจากหน้าจอแสดงหนึ่งไปยังหน้าจอถัดไป",99,แผงหน้าปัดและอุปกรณ์ควบคุม 5  หน้าจอแสดงข้อมูลรวม - แบบที่ 1 5-11  kPa: 200  psi: 29  bar: 2.0  kgf/cm²: 2.0 kPa: 210  psi: 30  bar: 2.1  kgf/cm²: 2.1 kPa: 220  psi: 32  bar: 2.2  kgf/cm²: 2.2 kPa: 230  psi: 33  bar: 2.3  kgf/cm²: 2.3 kPa: 240  psi: 35  bar: 2.4  kgf/cm²: 2.4 kPa: 250  psi: 36  bar: 2.5  kgf/cm²: 2.5 kPa: 260  psi: 38  bar: 2.6  kgf/cm²: 2.6 kPa: 270  psi: 39  bar: 2.7  kgf/cm²: 2.7 kPa: 280  psi: 41  bar: 2.8  kgf/cm²: 2.8 kPa: 290  psi: 42  bar: 2.9  kgf/cm²: 2.9 kPa: 300  psi: 44  bar: 3.0  kgf/cm²: 3.0 kPa: 310  psi: 45  bar: 3.1  kgf/cm²: 3.1 kPa: 320  psi: 46  bar: 3.2,docs/Text_PDF_.pdf,"['230', '210', 'kPa', 'หน้าจอ', '260']"
38,เมื่อความเร็วของรถถึงระดับเกียร์ 5180 กม./ชม. ควรทำอย่างไรเพื่อประหยัดน้ำมันสูงสุด?,"เพื่อประหยัดน้ำมันสูงสุดเมื่อความเร็วของรถถึงระดับเกียร์ 5180 กม./ชม., คุณควรใช้เกียร์ 6 ในการขับรถ นี่เป็นเกียร์ที่ช่วยให้รถเคลื่อนที่อย่างประหยัดน้ำมันมากที่สุดในสภาวะนี้",180,เพื่อประหยัดนํ้ามันสูงสุด ให้ใช้เกียร์ 6 เมื่อความเร็วของรถถึงระดับ เกียร์ 5180 กม./ชม.,docs/Text_PDF_.pdf,"['', 'เกียร์', 'ประหยัดนํ้ามัน', 'ระดับ', 'ประหยัดนํ้า']"
39,ควรทำอย่างไรเมื่อกล้องมองหลังแสดงวัตถุไม่ชัดเจน?,"หากกล้องมองหลังแสดงวัตถุไม่ชัดเจน คุณสามารถทำตามขั้นตอนเหล่านี้เพื่อแก้ไขปัญหาได้:

1. ตรวจสอบว่าเลนส์ของกล้องไม่มีคราบหรือรอยเลอก. หากมีคราบหรือรอยเลอก ให้ทำความสะอาดเลนส์ด้วยผ้าไมโครไฟเบอร์หรือผ้าที่เหมาะสม โดยไม่ใช้สารเคมีที่อาจทำให้เกิดความเสียหายกับเลนส์

2. ตรวจสอบว่ามีแสงน้อยหรือไม่. หากมีแสงน้อย คุณอาจต้องปรับแสงหรือใช้แสงส่องเพิ่มเติมเพื่อให้มองเห็นวัตถุได้ชัดเจนขึ้น

3. ตรวจสอบว่ามีความเย็นหรือความชื้นสูงหรือไม่. หากมีความเย็นหรือความชื้นสูง อาจทำให้เกิดฝ้าบนเลนส์ คุณสามารถใช้ผ้าที่ไม่เปียกน้ำเพื่อเช็ดเลนส์และลดความเย็นหรือความชื้น

4. ตรวจสอบว่ามีสิ่งของบริเวณหน้าจอหรือไม่. หากมีสิ่งของบริเวณหน้าจอ คุณควรเอาออกหรือทำความสะอาดหน้าจอเพื่อให้มองเห็นวัตถุได้ชัดเจนขึ้น

หากทำตามขั้นตอนเหล่านี้แล้วยังมองหลังไม่ชัดเจน อาจจะเป็นเพราะกล้องมีข้อจำกัดในการแสดงผลบนหน้าจอ ในกรณีนี้คุณอาจต้องพิจารณาใช้วิธีการอื่นหรือติดต่อผู้ผลิตหรือผู้ให้บริการเพื่อขอคำแนะนำเพิ่มเติม",268,"ข้อควรระวัง     • อย่าใช้แอลกอฮอล์ เบนซิน หรือทินเนอร์ทําความ สะอาดกล้อง ซึ่งจะทําให้สีด่างได้     • อย่าทําให้กล้องเสียหายเนื่องจากอาจส่งผลเสียต่อ หน้าจอมอนิเตอร์ได้  หากมีสิ่งสกปรก นํ้าฝน หรือหิมะสะสมอยู่ที่กล้อง (A) กล้อง มองหลังอาจแสดงวัตถุไม่ชัดเจน ให้ทําความสะอาดกล้อง โดยเช็ดออก ด้วยผําสะอาดที่ชุบสารทําความสะอาดเจือจาง หมาดๆ และจากนั้น เช็ดออกด้วยผ้าแห้ง  24UT(THAI) _T00UMA000P_OM_THAI.indb 102  22/3/2566 11:36:41 235 6-103 การสตาร์ทเครื่องยนต์และการขับขี่  มอนิเตอร์รอบทิศทาง* 6   มอนิเตอร์รอบทิศทาง* E00645000684  มอนิเตอร์รอบทิศทางเป็นระบบที่แสดงมุมมองของกล้อง สี่ตัวคือ “กล้องมองหน้า”,",docs/Text_PDF_.pdf,"['T00UMA000P_OM_', '_T00UMA000P_OM_', 'T00UMA000P_OM_THAI.indb', 'E00645000684', 'ควรระวัง']"
40,การใช้ตำแหน่งอากาศภายนอกเป็นระยะเวลานานๆ อาจทำให้กระจกมีฝ้าขึ้นได้หรือไม่?,"ใช่, การใช้ตำแหน่งอากาศภายนอกเป็นระยะเวลานานๆ อาจทำให้กระจกมีฝ้าขึ้นได้",294,ข้อควรระวัง     • โดยปกติการใช้ตําแหน่งอากาศภายนอกจะทําให้ กระจกไม่เป็นฝ้า การใช้ตําแหน่งอากาศหมุนเวียนเป็นเวลานานๆอาจ ทําให้กระจกมีฝ้าขึ้นได้ เปลี่ยนเป็นตําแหน่งอากาศภายนอกเป็นระยะเพื่อ เพิ่มการระบายอากาศ   หมายเหตุ     • หากต้องการกํารทําความเย็นที่มีประสิทธิภาพ ให้ใช้ ตําแหน่งการหมุนเวียนอากาศภายใน     • การควบคุมการเลือกการไหลเวียนอากาศหมุนเวียน ภายใน/อากาศภายนอกจะเปลี่ยนเป็นอัตโนมัติเมื่อ ดําเนินการทํางานอย่างใดอย่างหนึ่งต่อไปนี้:     o เมื่อปรับโหมดการทํางานไปที่ ON หลังจากโหมด การทํางานอยู่ที่ OFF ในขณะเลือกอากาศภายนอก ด้วยตัวเอง     o เมื่อปรับโหมดการทํางานไปที่ ON และจากนั้น การ,docs/Text_PDF_.pdf,"['งาน', 'ควรระวัง', 'ต้องการกํารทํา', 'กระจกไม่', '']"
41,การเปลี่ยนทิศทางพวงมาลัยเพียงเล็กน้อยก็อาจทําให้รู้สึกเหมือนเหยียบเบรกได้ซึ่งอาการนี้เรียกว่าอะไร?,"อาการที่ท่านกล่าวถึงเรียกว่า ""เซ็นเซอร์เรดาร์รบกวน"" ซึ่งเกิดจากการรบกวนหรือการขัดขวางสัญญาณเรดาร์ของรถคันอื่น ๆ ที่อยู่ใกล้เคียง อาการนี้อาจทำให้ระบบเรดาร์ของรถของท่านมองเห็นสิ่งของเสียหรือรถคันอื่น ๆ ไม่ได้ ทำให้ท่านรู้สึกเหมือนเหยียบเบรกเพื่อหลีกเลี่ยงสิ่งของหรือรถคันนั้น",216,"การเลี้ยวโค้งหักศอก E00647100083 เมื่อเลี้ยวโค้งหักศอกในตําแหน่ง “4H” หรือ “4L” (Easy Select 4WD), ตําแหน่ง “4HLc” หรือ “4LLc” (Super Select 4WD II) ด้วยความเร็วตํ่า การเปลี่ยนทิศทางพวงมาลัยเพียงเล็กน้อยก็อาจทําให้รู้สึกเหมือนเหยียบเบรกได้ซึ่งอาการนี้เรียกว่า การฝืนทางโค้ง ซึ่งเกิดจากการที่ล้อทั้งสี่เลี้ยวด้วยระยะที่แตกต่างกัน สภาพเช่นนี้ส่วนใหญ่จะเกิดกับรถที่ขับเคลื่อน 4 ล้อ หากเกิดอาการดังกล่าว ให้จับพวงมาลัยให้ตรงหรือเปลี่ยนมาใช้ตําแหน่ง “2H” (Easy Select 4WD), ตําแหน่ง “2H” หรือ “4H” (Super Select 4WD II) การขับรถข้ามลําธาร E00647200114 รถที่ขับเคลื่อน 4",docs/Text_PDF_.pdf,"['SuperSelect', '4WD', 'E00647200114', 'E00647100083', 'อาจทํา']"
42,การยกล้อหน้าขึ้นเมื่อเลือกเกียร์อัตโนมัติแบบ B อาจทำให้เกิดอาการอะไรขึ้น?,การยกล้อหน้าขึ้นเมื่อเลือกเกียร์อัตโนมัติแบบ B อาจทำให้เกิดการบาดเจ็บรุนแรงได้ โดยเฉพาะเมื่อกระจกหน้าต่างยังไม่ได้ปิดสนิทก่อนที่กลไกรักษาความปลอดภัยจะยกเลิกการทำงาน ดังนั้นควรระมัดระวังเพิ่มเติมเพื่อไม่ให้กระจกหน้าต่างหนีบนิ้ว อีกทั้งอย่าชนกล้องที่ติดตั้งอยู่บนป้ายทะเบียนด้านหลังเพราะอาจทำให้เกิดความเสียหายหรือไฟฟ้าซ็อตได้ (1),320,ข้อควรระวัง ● หํามลากรถเกียร์อัตโนมัติโดยยกล้อหน้าขึ้น (และล้อหลังอยู่บนพื้น) (แบบ B) เมื่อนํ้ามันเกียร์อยู่,docs/Text_PDF_.pdf,"['ควรระวัง', 'ยกล้อหน้า', 'ข้อ', 'เกียร์', 'เกียร์อัตโนมัติ']"
43,ระบบ ABS สามารถช่วยป้องกันการล้อล็อกขณะเหยียบเบรกในสถานการณ์ใดบ้าง?,"ระบบ ABS สามารถช่วยป้องกันการล้อล็อกขณะเหยียบเบรกในสถานการณ์ต่อไปนี้:
- ขับขี่บนพื้นถนนที่เป็นกรวดหรือปกคลุมด้วยหิมะ
- ขับขี่โดยใช้โซ่พันล้อ
- ขับขี่บนพื้นถนนที่เป็นหลุมเป็นบ่อหรือสูงต่ำแตกต่างกัน
- ขับขี่บนพื้นผิวถนนที่ไม่เรียบ",227,○ขับขี่บนพื้นถนนที่เป็นกรวดหรือปกคลุมด้วยหิมะ ○ขับขี่โดยใช้โซ่พันล้อ ○ขับขี่บนพื้นถนนที่เป็นหลุมเป็นบ่อหรือสูงตํ่าแตกต่างกัน ○ขับขี่บนพื้นผิวถนนที่ไม่เรียบ ●ระบบ ABS ไม่ได้จํากัดอยู่เฉพาะในสถานการณ์ที่มีการเหยียบเบรกอย่างกะทันหันเท่านั้น ระบบนี้ยังอาจช่วยป้องกันไม่ให้ล้อรถล็อกขณะที่คุณขับผ่านฝาท่อ แผ่นเหล็กบนหน้าถนน รอยบนถนน หรือพื้นผิวถนนที่ไม่เรียบอื่นๆ ●เมื่อมีการใช้งานระบบ ABS คุณอาจรู้สึกได้ว่าแป้นเบรกสะเทือนเป็นจังหวะและตัวรถและพวงมาลัยสั่นสะเทือน และยังอาจรู้สึกได้ว่าแป้นเบรกเกิดแรงต้านขณะเหยียบเบรก ในสถานการณ์เช่นนี้ ให้เหยียบแป้นเบรกอย่างหนักแน่น อย่ากดเบรกแล้วปล่อยซํ้าๆ,docs/Text_PDF_.pdf,"['งาน', 'กรวด', 'ท่อ', 'ขับ', 'เมื่อ']"
44,ปริมาณน้ำมันเครื่องที่ใช้ในรถคันนี้มีอะไรบ้าง?,ขออภัย เราไม่มีข้อมูลเกี่ยวกับปริมาณน้ำมันเครื่องที่ใช้ในรถคันนี้ โปรดตรวจสอบคู่มือการใช้งานหรือติดต่อศูนย์บริการของผู้ผลิตรถเพื่อข้อมูลเพิ่มเติม,356,"ลําดับรายการปริมาณที่ใช้สารหล่อลื่น4นํ้ามันเครื่องอ่างนํ้ามันเครื่อง6.8 ลิตรให้ดูในหน้า 10-5กรองนํ้ามันเครื่อง0.3 ลิตรออยล์คูลเลอร์0.2 ลิตร5นํ้ายาล้างกระจก4.1 ลิตร—6นํ้ามันเกียร์อัตโนมัติ10.4 ลิตรMITSUBISHI MOTORS GENUINE ATF-PA7นํ้ามันเกียร์ธรรมดา2.7 ลิตรMITSUBISHI MOTORS GENUINE SUPER MULTI GEAR OIL API GL-4, SAE 75W-858นํ้ามันเกียร์ทรานสเฟอร์Super Select 4WD II1.34 ลิตรMITSUBISHI MOTORS GENUINE NEW MULTI GEAR OIL ECO API GL-4, SAE 75W-80Easy Select 4WD1.15 ลิตร",docs/Text_PDF_.pdf,"['ทรานสเฟอร์SuperSelect', 'PA7นํ้า', 'อัตโนมัติ10.4', '858นํ้า', '5น']"
45,"เมื่อสวิตช์ไฟอยู่ในตำแหน่ง "" "" หรือ "" "" ขณะโหมดการทำงานอยู่ที่ตำแหน่ง ON ไฟจะเปิดหรือดับอัตโนมัติในระยะเวลาใด?",ไฟจะดับลงโดยอัตโนมัติภายในระยะเวลาหนึ่งหลังจากโหมดการทำงานอยู่ที่ OFF,132,หลังจากบิด สวิตช์กุญแจไปที่ตําแหน่ง “LOCK” [สําหรับรถรุ่นที่ติดตั้งระบบกุญแจอัจฉริยะ] เมื่อสวิตช์ไฟอยู่ในตําแหน่ง “ ” หรือ “ ” ขณะโหมดการทํางานอยู่ที่ตําแหน่ง ON ไฟจะดับลง โดยอัตโนมัติภายในระยะเวลาหนึ่งหลังจากโหมด การทํางานอยู่ที่ OFF  -[ยกเว้นรถรุ่นที่ติดตั้งระบบกุญแจอัจฉริยะ] เมื่อสวิตช์ไฟยังคงอยู่ในตําแหน่ง “ ” หรือ “ ” หลังจากที่ไฟดับลงโดยอัตโนมัติ ไฟจะติดเมื่อบิด สวิตช์กุญแจไปที่ตําแหน่ง “ON” [สําหรับรถรุ่นที่ติดตั้งระบบกุญแจอัจฉริยะ] เมื่อสวิตช์ไฟค้างอยู่ในตําแหน่ง “ ” หรือ “ ” หลังจากไฟดับอัตโนมัติ ไฟจะติดสว่างเมื่อโหมด การทํางานอยู่ที่ ON  ข้อควรระวัง,docs/Text_PDF_.pdf,"['งาน', 'อัจฉริยะ]', 'ควรระวัง', '[ยกเว้น', 'รถรุ่น']"
46,การเช็ดชุบน้ำอุ่นทำอย่างไร?,ไม่มีข้อมูลในเนื้อหาที่ให้มาที่กล่าวถึงการเช็ดชุบน้ำอุ่น ดังนั้นฉันไม่สามารถตอบคำถามของคุณได้,327,ชุบนํ้าอุ่นเช็ด ข้อควรระวัง  ห้ามใช้แปรงลวดหรืออุปกรณ์อื่นๆ ที่สามารถทําให้เกิดรอย เพราะชิ้นส่วนที่เป็นพลาสติกจะเสียหายได้ ข้อควรระวัง  อย่าให้ชิ้นส่วนที่เป็นพลาสติกสัมผัสถูกนํ้ามันเชื้อเพลิง นํ้ามันเบรก นํ้ามันเครื่อง จาระบีทินเนอร์ และนํ้ากรด (อิเล็กโทรไลต์ของแบตเตอรี่) เพราะอาจทําให้เป็นรอยด่าง แตกร้าว หรือสีหลุดลอกได้ นอกจากนี้อย่าลืมหลีกเลี่ยงการสัมผัสกับสารเคมีเช่น วัสดุเคลือบ แม้เพียงช่วงสั้นๆ เพราะจะทําให้ เกิดการแตกร้าวที่ทําให้นํ้าเข้าไปในหลอดได้หากสิ่งเหล่านี้สัมผัสถูกชิ้นส่วนพลาสติก ให้รีบเช็ด ออกด้วยผํานุ่มหรือหนังชามัวส์ชุบนํ้าผสมนํ้ายาทําความสะอาดที่เป็นกลางแล้วล้างด้วยนํ้าทันที,docs/Text_PDF_.pdf,"['มัวส์ชุบนํ้าผสมนํ้ายาทํา', 'ชามัวส์ชุบน', 'อาจทํา', 'ควรระวัง', 'อย่าให้']"
47,การเลือกโหมดการขับเคลื่อน 4 ล้อเกิดขึ้นได้อย่างไร?,"การเลือกโหมดการขับเคลื่อน 4 ล้อเกิดขึ้นโดยการกดปุ่มเลือกโหมดการขับเคลื่อน 4 ล้อที่ตำแหน่งที่สอดคล้องกับสภาพการทำงานที่ต้องการ เช่น ตำแหน่ง ""4H"" หรือ ""4HLc"" ซึ่งจะเป็นการเปลี่ยนโหมดการขับเคลื่อน 4 ล้อให้เข้ากับสภาพถนนหรือเงื่อนไขการขับขี่ที่ต้องการ",192,ให้ขับรถช้าๆ ตามปกติหลังจากตรวจดูแล้วว่าไฟสว่างขึ้น ○หากไฟแสดงการทํางาน 2WD/4WD ไม่หยุดกะพริบหลังจากเลือก “2H”  “4H” ขณะที่รถกําลังเคลื่อนที่ ให้จับพวงมาลัยให้ตรง แล้วเหยียบคันเร่งช้าๆ หลายๆ ครั้ง “4H”  “4L” ตําแหน่งปุ่มเลือกการขับเคลื่อน 4 ล้อไฟแสดงการทํางาน2Hกําลังเปลี่ยนโหมดการขับเคลื่อน 4 ล้อ4H,docs/Text_PDF_.pdf,"['ทํางาน2Hกําลังเปลี่ยน', 'ทํางาน2Hกําลัง', 'งาน', 'จากตรวจ', 'ขับ']"
48,ไฟแสดงการทำงานของโหมดการขับเคลื่อน 4 ล้อจะแสดงอย่างไร?,ไฟแสดงการทำงานของโหมดการขับเคลื่อน 4 ล้อจะแสดงอย่างต่อเนื่อง (สว่างค้าง) หรือดับอย่างใดอย่างหนึ่ง,206,": กะพริบ (ตัวแสดงโหมดการขับเคลื่อน4 ล้อกะพริบด้วย) : สว่าง (ค้าง) : ดับ *: การแสดงในกรณีของตัวแสดงการทํางาน AWC หมายเหตุ ●ไฟแสดง/ตัวแสดงและตัวแสดงโหมดการขับเคลื่อน 4 ล้อจะกะพริบขณะที่ล็อกเฟืองท้ายหลังกําลังเปลี่ยนสถานะระหว่างการเปิดใช้งานกับการปิดใช้งาน เมื่อการเปลี่ยนเสร็จสมบูรณ์แล้ว ไฟแสดง/ตัวแสดงจะสว่างค้างหรือดับอย่างใดอย่างหนึ่ง ●ฟังก์ชัน ASTC และ ABS จะถูกยกเลิกชั่วคราวขณะที่ล็อกเฟืองท้ายหลังเปิดใช้งาน ไฟแสดง ASTC, ไฟแสดง ASTC OFF และไฟเตือน ABS จะสว่างขณะที่ฟังก์ชันเหล่านี้ถูกยกเลิกชั่วคราว แต่ไม่ได้แสดงถึงปัญหาแต่อย่างใด เมื่อปิดการใช้งานล็อกเฟืองท้ายหลังแล้ว ไฟตัวแสดงเหล่านี้จะดับ",docs/Text_PDF_.pdf,"['ค้าง', 'งาน', 'ล้อจะ', 'แสดงถึง', 'เปลี่ยนสถานะ']"
49,เมื่อขับรถอยู่บนทางลาดชันควรสตาร์ทเครื่องยนต์ในตำแหน่งใด?,"ควรสตาร์ทเครื่องยนต์ในตำแหน่ง ""P"" (จอด) เมื่อขับรถอยู่บนทางลาดชัน",184,คําเตือน ●ห้ามเลื่อนคันเกียร์ไปที่ตําแหน่ง “N” (เกียร์ว่าง) ขณะที่ขับรถอยู่ เพราะอาจทําให้คันเกียร์เลื่อนไปที่ตําแหน่ง “P” (จอด) หรือ “R” (เกียร์ถอย) โดยบังเอิญ ทําให้เกิดอุบัติเหตุร้ายแรงและไม่สามารถใช้เครื่องยนต์ช่วยเบรกได้ ●บนทางลาดชัน ควรสตาร์ทเครื่องยนต์ในตําแหน่ง“P” (จอด) ห้ามใช้ตําแหน่ง “N” (เกียร์ว่าง) คําเตือน ●ควรวางเท้าไว้บนแป้นเบรกเสมอเมื่อรถอยู่ในตําแหน่ง“N” (เกียร์ว่าง) หรือเมื่อต้องการเลื่อนเข้าหรือออกจากตําแหน่ง “N” (เกียร์ว่าง) เพื่อไม่ให้เสียการควบคุมรถ “D” ขับเคลื่อน ตําแหน่งนี้ใช้สําหรับขับรถตามปกติทั้งในเมืองและบนทางด่วน,docs/Text_PDF_.pdf,"['เกียร์ว่าง', 'อาจทํา', 'จอด', 'เบรกได้', 'ขับ']"
50,ขนาดกระบอกสูบของรถคือเท่าไหร่?,ขนาดกระบอกสูบของรถคือ 86.0 มม.,355,"จํานวนกระบอกสูบ : สูบเรียง 4 สูบ ปริมาตรกระบอกสูบ : 2,442 ซีซี ขนาดกระบอกสูบ : 86.0 มม. ระยะชัก : 105.1 มม. แคมชาฟท์ : โอเวอร์เฮดแคมชาฟท์คู่ การเตรียมส่วนผสม : ไดเรกต์อินเจกชันแบบอิเล็กทรอนิกส์ แรงม้าสูงสุด (EEC net) : 135 kW/3,500 รอบ/นาที แรงบิดสูงสุด (EEC net) : 430 N•m/2,250 ~ 2,500 รอบ/นาที ข้อมูลทางเทคนิค ระบบไฟฟ้า หมายเหตุ ●รถรุ่นที่ติดตั้งระบบ Auto Stop & Go (AS&G) ใช้แบตเตอรี่ชนิด AS&G โดยเฉพาะการใช้แบตเตอรี่ชนิดอื่นอาจทําให้แบตเตอรี่หมดเร็วหรือทําให้ระบบ AS&G ทํางานผิดปกติกรุณาติดต่อศูนย์บริการมิตซูบิชิที่ได้รับอนุญาตเมื่อจะเปลี่ยนแบตเตอรี่แรงเคลื่อนไฟฟ้า : 12 V แบตเตอรี่ ชนิด (EN) :",docs/Text_PDF_.pdf,"['EECnet', 'AS&G', 'net', '430', 'งาน']"
51,การเปลี่ยนชิ้นส่วนที่ชำรุดเสียหายควรใช้อะไหล่แท้หรือเทียม?,ควรใช้อะไหล่แท้ของมิตซูบิชิเท่านั้นเพื่อให้รถของคุณสามารถทำงานได้อย่างมีประสิทธิภาพสูงสุด ชิ้นส่วนต่างๆของรถจะมีประสิทธิภาพลดลงในกรณีที่ใช้อะไหล่เทียม การไม่ใช้อะไหล่แท้ยังอาจทำให้หมดสิทธิ์เรียกร้องการรับประกันได้หากเราพบว่าความผิดพลาดที่เกิดขึ้นกับรถของคุณนั้นมีสาเหตุมาจากการใช้อะไหล่เทียม,26,"ๆ 
อะไหล่แท้  
-
 การเปลี่ยนชิ้นส่วนที่ชํารุดเสียหายนั้นควรหลีกเลี่ยงการใช้อะไหล่เทียมเนื่องจากมิตซูบิชิได้ศึกษาค้นคว้าออกแบบและผลิตมาด้วยเทคโนโ ล
ยีที่ทันสมัยทําให้ทุกชิ้นส่วนมีคุณภาพสูงเพื่อให้ลูกค้าของมิตซูบิชิมั่นใจได้ว่าชิ้นส่วนทุกชิ้นนั้นได้มาตรฐานการใช้อะไหล่เทียมจะ ทําให้คุณภาพดังกล่าวล
ดลงควรใช้แต่อะไหล่แท้ของมิตซูบิชิเท่านั้นเพื่อให้รถของคุณสามารถทํางานได้อย่างมีประสิทธิภาพสูงสุดชิ้นส่วนต่างๆของรถจะมีประสิทธิ ภาพลดลงใน
กรณีที่ใช้อะไหล่เทียมการไม่ใช้อะไหล่แท้ยังอาจทําให้หมดสิทธิ ์เรียกร้องการรับประกันได้หากเราพบว่าความผิดพลาด ที่เกิดขึ้นกับรถของคุณนั้นมีสาเห",docs/Text_PDF_.pdf,"['งาน', 'อาจทํา', 'มิตซูบิชิ', 'ทุกชิ้นส่วน', 'ชิ้นส่วนต่างๆ']"
52,ควรติดตั้งอุปกรณ์นิรภัยสำหรับเด็กที่ไหนเพื่อให้เกิดความปลอดภัยสูงสุด?,ควรติดตั้งอุปกรณ์นิรภัยสำหรับเด็กไว้ที่เบาะนั่งหลัง (ดับเบิลแค็บ) เพื่อให้เกิดความปลอดภัยสูงสุด,60,"และใช้เบาะเสริมสําหรับเด็กควบคู่ด้วย  
-  เลือกอุปกรณ์นิรภัยสําหรับเด็กให้เหมาะสมกับนํ้าหนักและความสูงของเด็ก  รวมถึงสามารถติดตั้งได้พอดีกับรถของคุณ  
เพื่อให้เกิดความปลอดภัยสูงสุด: ควรติดตั้งอุปกรณ์นิรภัยสําหรับเด็กไว้ที่เบาะนั่งหลัง (ดับเบิลแค็บ ) 
-  ก่อนจะเลือกซื้ออุปกรณ์นิรภัยสําหรับเด็ก  จะต้องทดลองติดตั้งว่าใส่ได้พอดีกับตัวล็อกของเข็มขัดนิรภัยและรูปร่างของเบาะนั่ง 
เนื่องจากอุปกรณ์นิรภัยสําหรับเด็กของผู้ผลิตบางรายอาจไม่เหมาะสมกับรถของคุณหากทดลองคาดเข็มขัดนิรภัยแล้ว",docs/Text_PDF_.pdf,"['กับตัว', 'ไม่เหมาะสม', 'ได้พอดี', 'อาจไม่', 'เลือก']"
53,เมื่อทำความสะอาดพื้นผิวด้านนอกของกระจกหน้า ควรปิดใช้งานเซ็นเซอร์ตรวจจับน้ำฝนหรือไม่?,"ใช่, เมื่อทำความสะอาดพื้นผิวด้านนอกของกระจกหน้าควรปิดใช้งานเซ็นเซอร์ตรวจจับน้ำฝนเพื่อป้องกันการเกิดความผิดพลาดในการตรวจจับน้ำฝนได้",130,"สวิตช์ไปที่ตําแหน่ง  “OFF” เพื่อปิดใช้งานเซ็นเซอร์  ตรวจจับนํ้าฝน   
-เมื่อทําความสะอาดพื้นผิวด้านนอกของกระจกหน้า  หากคุณสัมผัสที่ด้านบนของเซ็นเซอร์ตรวจจับ  นํ้าฝน  
 
ข้อควรระวัง   
-เมื่อทําความสะอาดพื้นผิวด้านนอกของกระจก  หน้า หากคุณใช้ผําเช็ดที่ด้านบนของเซ็นเซอร์  ตรวจจับนํ้าฝน   
-เมื่อใช้เครื่องล้างรถอัตโนมัติ   
-มีแรงกระแทกเข้าที่กระจกหน้า   
-มีแรงกระแทกเข้าที่เซ็นเซอร์ตรวจจับนํ้าฝน   
 หมายเหตุ   
-อย่าปิดบังเซ็นเซอร์โดยติดสติกเกอร์หรือฉลากที่  กระจกหน้า  นอกจากนี้ห้ามเคลือบสารกันนํ้าบน กระจกหน้า  เซ็นเซอร์ตรวจจับนํ้าฝนจะไม่สามารถ",docs/Text_PDF_.pdf,"['งาน', 'ควรระวัง', 'พื้นผิว', 'ฉลาก', 'OFF']"
54,หากไม่สามารถเปลี่ยนโหมดการทำงานเป็น OFF ได้ในกรณีที่รถเสียกลางทาง (รถรุ่นที่ติดตั้งระบบกุญแจอัจฉริยะ) จะต้องทำอย่างไร?,"หากไม่สามารถเปลี่ยนโหมดการทำงานเป็น OFF ได้ในกรณีที่รถเสียกลางทาง (รถรุ่นที่ติดตั้งระบบกุญแจอัจฉริยะ) คุณควรทำตามขั้นตอนต่อไปนี้:

1. ปรับโหมดการทำงานไปที่ ""ON"" และปล่อยให้โหมดการทำงานอยู่ที่ ""ON"" เป็นเวลาสั้นๆ
2. จากนั้นปรับโหมดการทำงานไปที่ ""ACC"" (การทำงานเฉพาะระบบไฟฟ้า) และปล่อยให้โหมดการทำงานอยู่ที่ ""ACC"" เป็นเวลาสั้นๆ
3. ทำซ้ำขั้นตอนที่ 1-2 อีก 2 ครั้ง
4. ปรับโหมดการทำงานไปที่ ""OFF"" และปลดล็อกพวงมาลัย

หากคุณไม่สามารถเปลี่ยนโหมดการทำงานเป็น OFF ได้หลังจากทำขั้นตอนดังกล่าว คุณควรติดต่อศูนย์บริการของผู้ผลิตรถยนต์เพื่อขอความช่วยเหลือเพิ่มเติม อาจมีปัญหาที่เกี่ยวข้องกับระบบกุญแจอัจฉริยะที่ต้องการการซ่อมแซมหรือเปลี่ยนแปลง",273,"24UT(THAI) _T00UMA000P_OM_THAI.indb 33  
22/3/2566 11:36:58 
 
 
284 
 
24UT(THAI) _T00UMA000P_OM_THAI.indb 34 24UT(THAI) _T00UMA000P_OM_THAI.indb 
34 22/3/2566 11:36:58 22/3/2566 11:36:58 
 
 285 
 
8  
เมื่อเกิดเหตุฉุกเฉิน   
เมื่อรถเสียกลางทาง  ......................................................................................................8-2  
หากไม่สามารถเปลี่ยนโหมดการทํางานเป็น  OFF ได้ (รถรุ่นที่ติดตั้งระบบกุญแจอัจฉริยะ ) 
.......................................................................",docs/Text_PDF_.pdf,"['_T00UMA000P_OM_', 'T00UMA000P_OM_THAI.indb', 'T00UMA000P_OM_', 'THAI.indb33', '284']"
55,คู่มือการใช้งานนี้มีกี่หน้า?,คู่มือการใช้งานนี้มีทั้งหมด 72 หน้า,250,24UT(THAI) _T00UMA000P_OM_THAI.indb 2,docs/Text_PDF_.pdf,"['T00UMA000P_OM_THAI.indb', '_T00UMA000P_OM_', 'T00UMA000P_OM_', '24UT', 'THAI']"
56,หากต้องการเปลี่ยนหลอดไฟในรถ ต้องใช้หลอดใหม่ชนิดใด?,ต้องใช้หลอดไฟที่เหมาะสมกับรถของคุณ โดยสามารถตรวจสอบได้จากคู่มือการใช้งานหรือคู่มือซ่อมบำรุงของรถ หรือสามารถสอบถามเจ้าหน้าที่บริการรถยนต์หรือร้านอะไหล่รถยนต์เพื่อขอคำแนะนำเพิ่มเติมได้,312,"ให้นํารถเข้าตรวจสอบที่ ศูนย์บริการมิตซูบิชิที่ได้รับอนุญาต  
 
ตําแหน่งและขนาดของหลอดไฟ  
E01003201587 
 
ข้อควรระวัง  
● ในการเปลี่ยนหลอดไฟ  ต้องใช้หลอดใหม่ชนิดเดิมที่มีกําลังไฟและสีเหมือนเดิม หากคุณติดตั้งหลอดไฟแบบอื่น  
หลอดอาจทํางานผิดปกติหรือเปิดไม่ติดและอาจทําให้ไฟไหม้รถได้  
 
ด้านนอกรถ  
E01003306248 
■ ด้านหน้า  
ไฟหน้าแฮโลเจน  
1- ไฟเลี้ยวด้านหน้า : 21 W (WY21W)  
2- ไฟหรี่: 5 W (W5W)  
3- ไฟเลี้ยวด้านข้าง (บนกระจกมองข้าง )*: \uf02d 
4- ไฟเลี้ยวด้านข้าง (บนโป๋งซุ้มล้อ )*: 5W 
5- ไฟหน้า, ไฟสูง/ตํ่า: 60/55 W (H4)  
6- ไฟตัดหมอกด้านหน้า : \uf02d  
รหัสในวงเล็บแสดงชนิดของหลอดไฟ",docs/Text_PDF_.pdf,"['W5W', 'E01003306248', 'E01003201587', 'WY21W', 'ตํ่า']"
57,ต้องทำอย่างไรถึงจะสามารถเปิดระบบ HDC ON ได้ในรถ?,"ในการเปิดระบบ HDC ON ในรถ คุณต้องทำตามขั้นตอนต่อไปนี้:

1. ให้รถจอดสนิท
2. เลื่อนคันเกียร์ไปที่ตำแหน่ง ""D"" (ขับเคลื่อน) หรือตำแหน่ง ""R"" (เกียร์ถอย)
3. กดสวิตช์ HDC
4. ตรวจสอบให้แน่ใจว่าไฟแสดง HDC สว่างแล้ว โดยระบบ HDC จะเปิด ON (เตรียมพร้อม)

โปรดทราบว่าหลังจากกดสวิตช์ HDC ระบบ HDC จะเปิดเตรียมพร้อมภายในสองสามวินาที และหากกดสวิตช์ HDC ซ้ำๆ หลังจากที่ตั้งค่าระบบ HDC เป็น ON (เตรียมพร้อม) ระบบ HDC จะกลับเป็น OFF ซึ่งเป็นการทำงานของฟังก์ชันป้องกัน หลังจากปิด OFF ระบบ HDC จะไม่สามารถเปิดเป็น ON (เตรียมพร้อม) ได้แม้จะกดสวิตช์อีกครั้ง",201,"HDC หากต้องการเปิดระบบ HDC ON ให้สตาร์ทเครื่อ งยนต์ใหม่แล้วกดสวิตช์  HDC อีกครั้ง 
หมายเหตุ  
● ไม่สามารถตั้งระบบ  HDC เป็น ON (เตรียมพร้อม) ได้ในสภาวะต่อไปนี้  
○ ความเร็วรถ: ประมาณ  20 กม./ชม. ขึ้นไป  
○ ล็อกเฟืองท้ายหลัง  (หากมีติดตั้ง ): เปิดใช้งาน  
○ ระบบเบรก: อุณหภูมิเบรกสูง  
○ ไฟเตือน  ASTC: สว่าง  
ให้ดูเรื่อง  “ไฟเตือน  ASTC” หน้า 6-73 
 
การควบคุมเบรกของระบบ  HDC จะทํางานในกรณีต่อไปนี้  
● ความเร็วรถ: ไม่เกิน  20 กม./ชม. 
● ไม่มีการใช้งานคันเร่งหรือแป้นเบรก  
เมื่อการควบคุมทํางาน  ไฟแสดง  HDC จะกะพริบ  และไฟเบรกและไฟเบรกดวงที่  3 จะสว่าง",docs/Text_PDF_.pdf,"['งาน', 'ต้องการเปิด', 'จะสว่าง', 'ดวงที่', 'ดูเรื่อง']"
58,ชิ้นส่วนที่เป็นพลาสติกควรหลีกเลี่ยงการสัมผัสกับสารเคมีหรือน้ำมันเชื้อเพลิง เพราะอาจทำให้เกิดอันตรายหรือเสียหายได้ใช่ไหม?,"ใช่, คุณพูดถูกต้องครับ การสัมผัสชิ้นส่วนที่เป็นพลาสติกกับสารเคมีหรือน้ำมันเชื้อเพลิงอาจทำให้เกิดอันตรายหรือเสียหายได้ สารเคมีหรือน้ำมันเชื้อเพลิงอาจทำให้เกิดรอยด่าง แตกร้าว หรือสีหลุดลอกได้ ดังนั้นควรหลีกเลี่ยงการสัมผัสเหล่านี้กับชิ้นส่วนพลาสติก และหากสัมผัสแล้วให้รีบเช็ดออกด้วยผ้านุ่มหรือหนังชามัวส์ชุบน้ำผสมน้ำยาทำความสะอาดที่เป็นกลางแล้วล้างด้วยน้ำทันที",291,"ข้อควรระวัง  
 อย่าให้ชิ้นส่วนที่เป็นพลาสติกสัมผัสถูกนํ้ามันเชื้อเพลิง  นํ้ามันเบรก  นํ้ามันเครื่อง  จาระบีทินเนอร์  
และนํ้ากรด  (อิเล็กโทรไลต์ของแบตเตอรี่ ) เพราะอาจทําให้เป็นรอยด่าง  แตกร้าว หรือสีหลุดลอกได้  
นอกจากนี้อย่าลืมหลีกเลี่ยงการสัมผัสกับสารเคมีเช่น  วัสดุเคลือบ  แม้เพียงช่วงสั้นๆ  เพราะจะทําให้  
เกิดการแตกร้าวที่ทําให้นํ้าเข้าไปในหลอดได้หากสิ่งเหล่านี้สัมผัสถูกชิ้นส่วนพลาสติก  ให้รีบเช็ด  
ออกด้วยผํานุ่มหรือหนังชามัวส์ชุบนํ้าผสมนํ้ายาทําความสะอาดที่เป็นกลางแล้วล้างด้วยนํ้าทันที  
 
ชิ้นส่วนที่ชุบโครเมียม",docs/Text_PDF_.pdf,"['มัวส์ชุบนํ้าผสมนํ้ายาทํา', 'ชามัวส์ชุบน', 'ควรระวัง', 'อาจทํา', 'อย่าให้']"
59,"เมื่อกดสวิตช์ SYNC แล้วตัวแสดง ""SYNC"" ปรากฏขึ้น อุณหภูมิด้านผู้โดยสารจะถูกควบคุมอย่างไร?","เมื่อกดสวิตช์ SYNC แล้วตัวแสดง ""SYNC"" ปรากฏขึ้น อุณหภูมิด้านผู้โดยสารจะถูกควบคุมให้เหมือนกับอุณหภูมิด้านคนขับที่ตั้งค่าไว้ ดังนั้น อุณหภูมิด้านผู้โดยสารจะปรับให้ตรงกับอุณหภูมิด้านคนขับที่ตั้งค่าไว้",261,"• เมื่อตัวแสดง  “SYNC” (A) ปรากฏขึ้นโดยการกด สวิตช์ SYNC อุณหภูมิด้านผู้โดยสารจะถูกควบคุม 
ให้เหมือนกับอุณหภูมิด้านคนขับที่ตั้งค่าไว้  เมื่อตัว แสดง “SYNC” (A) ปรากฏขึ้น  หากกดสวิตช์ควบคุม  อุณหภูมิด้านคนขับ 
อุณหภูมิด้านผู้โดยสารที่ตั้งค่าไว้  จะถูกปรับให้ตรงกับด้ านคนขับ   
 
การเปิด /ปิดระบบปรับอากาศ  E00774100271  
กดสวิตช์เครื่องปรับอากาศเพื่อเปิดเครื่องปรับอากาศ  ไฟแสดง  (A) จะสว่างขึ้น   
กดสวิตช์อีกครั้งเพื่อปิดเครื่องปรับอากาศ   
24UT(THAI) _T00UMA000P_OM_THAI.indb 18  22/3/2566 11:36:52 
 
269 
 
7-19 การใช้อุปกรณ์อํานวยความสะดวก  
ระบบไหลเวียนอากาศด้านหลัง * 7",docs/Text_PDF_.pdf,"['_T00UMA000P_OM_', 'T00UMA000P_OM_THAI.indb', 'T00UMA000P_OM_', 'E00774100271', 'ขับ']"
60,การตั้งค่า ASC อยู่หน้าไหนของเมนูการตั้งค่า?,"การตั้งค่า ASC อยู่ในหน้าเมนู ""ASC Setting"" ซึ่งสามารถเข้าถึงได้โดยทำตามขั้นตอนดังนี้:
1. กดปุ่ม ""Settings"" ในหน้าจอแสดงข้อมูลรวม
2. ใช้แป้นเลื่อนเพื่อเลือกเมนู ""ASC Setting""
3. เลือก ""System"" และกดแป้นเลื่อน
4. จากนั้นคุณจะสามารถตั้งค่า ASC ได้ในหน้าต่างนั้น",36,"ะ”หน้า3-13หมายเหตุ  
-
 เนื่องจากกุญแจอัจฉริยะรับสัญญาณเพื่อสื่อสารกับตัวส่งสัญญาณในรถแบตเตอรี่จะเสื่อมลงอย่างต่อเนื่องแม้จะไม่ได้ใช้งานกุญแจอัจฉริยะ อา
ยุการใช้งานแบตเตอรี่คือ 1ถึง2ปีขึ้นอยู่กับสภาพการใช้งานเมื่อแบตเตอรี่เสื่อมสภาพให้เปลี่ยนแบตเตอรี่ตามขั้นตอนที่ระบุไว้ในคู่มือนี้หรือนําไปเปลี่ยน
ที่ศูนย์บริการมิตซูบิชิที่ได้รับอนุญาตให้ดูเรื่อง “ขั้นตอนการเปลี่ยนแบตเตอรี่กุญแจ ”หน้า3-6 
-
 เนื่องจากกุญแจอัจฉริยะรับสัญญาณอย่างต่อเนื่องการรับคลื่นวิทยุแรงสูงอาจส่งผลกระทบต่อการเสื่อมสภาพของแบตเตอรี่อย่าวางกุญแจใก
ล้โทรทัศน์คอมพิวเตอร์ส่วนบุคคลหรืออุปกรณ์ไฟฟ้าต่างๆ",docs/Text_PDF_.pdf,"['ใก\nล้โทรทัศน์คอมพิวเตอร์', 'งาน', 'แรงสูง', 'กับตัว', 'เปลี่ยนแบตเตอรี่']"
61,การปิดฝาช่องเก็บของจะทำให้เกิดอะไรขึ้น?,การปิดฝาช่องเก็บของจะทำให้ช่องเก็บของสนิทและป้องกันสิ่งของจากการหลุดออกจากช่องเก็บของในขณะขับรถ นอกจากนี้ยังป้องกันการบาดเจ็บที่อาจเกิดขึ้นหากมีการเปิดฝาช่องเก็บของในขณะขับรถ,270,"ช่องเก็บของ  E00713103802  
 
ข้อควรระวัง      
ห้ามทิ้งไฟแช็ก  นํ้าอัดลมกระป๋อง  หรือแว่นตาไว้  ในรถขณะที่จอดรถตากแดด ห้องโดยสารจะร้อน  มากจนอาจทําให้ไฟแช็กหรือวัตถุไวไฟอื่นๆ ติดไฟ 
และนํ้าอัดลมกระป๋องระเบิดได้นอกจากนี้  แว่นตา ที่มีเลนส์หรือชิ้นส่วนที่เป็นพลาสติกอาจเสียรูปทรง  หรือแตกร้าวได้      
ควรปิดฝาช่องเก็บของให้สนิทในขณะขับรถ  มิฉะนั้น  ฝาปิดหรือสิ่งของที่เก็บไว้อาจทําให้บาดเจ็บได้   
1- กล่องเก็บของ  
2- กล่องเก็บของด้านบนพร้อมฝาปิด*  
3- ที่เก็บแว่นกันแดด *  
4- กล่องคอนโซลที่พื้น  
  
กล่องเก็บของ  E00717603111  
หากต้องการเปิด  ให้กดปุ๋ม (A) 
  
หมายเหตุ",docs/Text_PDF_.pdf,"['E00713103802', 'E00717603111', 'อาจทํา', 'ควรระวัง', 'นํ้าอัดลม']"
62,การตัวกรองเขม่าไอเสียสามารถเผาไหม้เขม่าที่ถูกดักจับโดยอัตโนมัติขณะใช้งานรถได้หรือไม่?,ตัวกรองเขม่าไอเสียไม่สามารถเผาไหม้เขม่าที่ถูกดักจับโดยอัตโนมัติขณะใช้งานรถได้ทั้งหมด ซึ่งเขม่าที่ถูกดักจับจะสะสมอยู่ในตัวกรองเขม่าไอเสียมากเกินไป ดังนั้นจึงต้องมีการเปลี่ยนตัวกรองเขม่าเป็นระยะเวลาที่กำหนดเพื่อให้รถทำงานได้อย่างมีประสิทธิภาพ,155,"ตัวกรองเขม่าไอเสียจะเผาไหม้เขม่าที่ถูกดักจับโดยอัตโนมัติขณะใช้งานรถ  อย่างไรก็ตาม  
ตัวกรองเขม่าไอเสียจะไม่สามารถเผาไหม้เขม่าที่ถูกดักจับทั้งหมดได้ภายใต้บางสภาพการขับขี่  
ด้วยเหตุนี้จึงมีเขม่าสะสมอยู่ในตัวกรองเขม่าไอเสียมากเกินไป 
 
คําเตือน  
● ตัวกรองเขม่าไอเสียมีอุณหภูมิสูงมาก  ห้ามจอดรถในบริเวณที่มีวัสดุที่ติดไฟได้  เช่น 
หญ้าหรือใบไม้แห้งเนื่องจากสิ่งเหล่านี้อาจสัมผัสความร้อนจากระบบไอเสีย  ส่งผลให้ติดไฟได้  
 
ข้อควรระวัง  
● อย่าใช้นํ้ามันเชื้อเพลิงหรือนํ้ามันเครื่องชนิดใดๆ  ที่ไม่ได้ระบุไว้สําหรับรถของคุณ  
นอกจากนี้อย่าใช้สารขจัดความชื้นหรือสารเติมแต่งนํ้ามันเชื้อเพลิงอื่นๆ",docs/Text_PDF_.pdf,"['งาน', 'ชื้น', 'เขม่าสะสม', 'ชนิดใด', 'ควรระวัง']"
63,เมื่อต้องการคาดเข็มขัดนิรภัยในกรณีที่เกิดอุบัติเหตุอย่างกะทันหัน จะมีวิธีการล็อกเข็มขัดโดยอัตโนมัติหรือไม่?,"ใช่, ในกรณีที่เกิดอุบัติเหตุอย่างกะทันหัน เข็มขัดนิรภัยแบบยึด 3 จุดมีระบบล็อกอัตโนมัติ ซึ่งจะล็อกเองโดยอัตโนมัติเมื่อเกิดการกระแทกหรือแรงกระทบ ทำให้เข็มขัดปรับให้กระชับพอดีกับร่างกายของผู้คาด ซึ่งจะช่วยล็อกเข็มขัดไว้ให้ไม่หลุดออกจากที่คาดได้",55,"ให้ใช้เครื่องมือที่เหมาะสม  เช่นมีดหรือกรรไกรเพื่อตัดเข็มขัด 
-  ใช้เข็มขัดนิรภัยเพื่อคาดเข็มขัดนิรภัยเท่านั้น  หรืออุปกรณ์นิรภัยสําหรับเด็กประเภทยูนิเวอร์แซล(ให้ดูเรื่อง  “อุปกรณ์นิรภัยสําหรับเด็ก ” 
หน้า 4-10)ห้ามใช้เพื่อยึดสินค้า  มิฉะนั้นอาจทําให้เกิดความเสียหาย  ทําให้ประสิทธิภาพลดลงขณะคาดในภายหลังเมื่อเกิดอุบัติเหตุ  
เข็มขัดนิรภัยแบบยึด 3 จุด(พร้อมตัวดึงล็อกอัตโนมัติ )  
เข็มขัดนิรภัยชนิดนี้ไม่จําเป็นต้องปรับความยาว  เพราะเข็มขัดจะปรับให้กระชับพอดีกับร่างกายของผู้คาด  แต่ในกรณีที่เกิดอุบัติเหตุอย่างกะทันหัน  
เข็มขัดจะล็อกเองโดยอัตโนมัติ  
หมายเหตุ",docs/Text_PDF_.pdf,"['อาจทํา', 'คาดใน', 'ประสิทธิภาพ', 'ลดลง', 'กรณีที่']"
64,อุปกรณ์ใดบ้างที่อยู่ภายในรถยนต์ที่เกี่ยวข้องกับภาพโดยรวมคู่มืออย่างง่าย 1-4?,"อุปกรณ์ที่อยู่ภายในรถยนต์ที่เกี่ยวข้องกับภาพโดยรวมคู่มืออย่างง่าย 1-4 ได้แก่:

1. กระปุกน้ำมันเบรก / กระปุกน้ำมันคลัตช์
2. เกจก้านวัดระดับน้ำมันเครื่อง
3. ถังพักน้ำหล่อเย็นเครื่องยนต์
4. ฝาปิดน้ำมันเครื่อง",5,"ภายใน 
ภาพโดยรวมคู่มืออย่างง่าย 1-4 
ดับเบิลแค็บ  
- ไฟห้องโดยสารด้านหน้าหน้า7 -27,10-26 
- ไฟแผนที่หน้า7 -28,10-26 
- ที่เก็บแว่นกันแดดหน้า 7-30 
- ปุ๋ มSOSหน้า2-4 
- มือจับช่วยทรงตัวหน้า 7-32 
- ม่านถุงลมนิรภัย SRSหน้า4-22,4-30 
- จุดยึดเข็มขัดนิรภัยแบบปรับได้หน้า 4-8 
- เข็มขัดนิรภัยหน้า 4-5 
- ขอเกี่ยวอเนกประสงค์หน้า 7-32 
- ไฟห้องโดยสารด้านหลังหน้า7 -27,10-26 
- สวิตช์การไหลเวียนอากาศด้านหลังหน้า 7-19 
- เครื่องมือหน้า 8-7 
- แม่แรงหน้า 8-7 
- ด้ามแม่แรงหน้า 8-7 
- ที่พักแขนหน้า 4-3 
- ที่วางแก้วหน้า 7-31 
- เบาะนั่งหลังหน้า4 -3",docs/Text_PDF_.pdf,"['28:10', '28:10', '27:10', '22:4', '27:10']"
65,การหมุนด้ามแม่แรงทวนเข็มนาฬิกาช้าๆ เพื่อคลายวาล์วลดระดับรถจนกระทั่งยางสัมผัสพื้นทำให้เกิดอันตรายอย่างไร?,การหมุนด้ามแม่แรงทวนเข็มนาฬิกาช้าๆ เพื่อคลายวาล์วลดระดับรถจนกระทั่งยางสัมผัสพื้นอาจทำให้เกิดอันตรายได้หากหมุนเร็วเกินไป ซึ่งอาจทำให้รถหล่นจากแม่แรงอย่างรวดเร็ว และอาจทำให้แม่แรงหลุดออกจากที่ซึ่งจะทำให้เกิดอันตรายได้ ดังนั้นควรหมุนคลายวาล์วช้าๆ เพื่อป้องกันการเกิดอันตรายในขณะที่ใช้แม่แรงนี้,284,"หมุนด้ามแม่แรงทวนเข็มนาฬิกาช้าๆ เพื่อคลายวาล์วลดระดับรถจนกระทั่งยางสัมผัสพื้น 
คําเตือน  
ค่อยๆ หมุนคลายวาล์วช้าๆ  หากหมุนเร็วเกินไปจะทําให้รถหล่นจากแม่แรงอย่างรวดเร็ว  และอาจทําให้  
แม่แรงหลุดออกจากที่ซึ่งจะทําให้เกิดอันตรายได้  
10. ขันน็อตในแนวกากบาทสลับไปมา  2 ถึง 3 ขั้นตอนจนกระทั่งน็อตแต่ละตัวขันแน่น  
ค่าแรงขัน  
ล้อเหล็ก : 137 ถึง  157 N•m 
ล้ออะลูมิเนียม : 118 ถึง  137 N•m 
(ออกแรงขันที่ปลายประแจขันน็อตล้อซึ่งติดมากับรถล้อเหล็ก : 510 ถึง  580 Nล้ออะลูมิเนียม : 440 ถึง 500 N) 
ข้อควรระวัง  
ห้ามใช้เท้าหรือด้ามต่อช่วยเสริมแรงประแจขันน็อตล้อ  มิฉะนั้น  น็อตจะถูกขันแน่นเกินไป",docs/Text_PDF_.pdf,"['อาจทํา', 'สลับ', 'ควรระวัง', 'น็อตล้อซึ่ง', 'แม่แรงอย่าง']"
66,เมื่อสวิตช์ตัดการทำงานถุงลมนิรภัย SRS ด้านผู้โดยสารด้านหน้าอยู่ที่ ON ไฟแสดง OFF จะดับลงในระยะเวลาใด?,ไฟแสดง OFF จะดับลงในระยะเวลาประมาณ 70 วินาที หลังจากที่สวิตช์ตัดการทำงานถุงลมนิรภัย SRS ด้านผู้โดยสารด้านหน้าอยู่ที่ ON,74,"วินาทีหลังจากนั้น  เมื่อสวิตช์ตัดการทํางานถุงลมนิรภัย  SRS ด้านผู้โดยสาร  ด้านหน้าอยู่ที่  OFF ไฟแสดง  OFF จะติดค้างเพื่อแสดงว่า  
ถุงลมนิรภัย SRS ด้านผู้โดยสารด้านหน้าไม่ทํางาน  เมื่อ สวิตช์ตัดการทํางานถุงลมนิรภัย  SRS ด้านผู้โดยสารด้านหน้า  อยู่ที่ ON ไฟแสดง  
OFF จะดับลง  และไฟแสดง  ON จะ สว่างขึ้นประมาณ  70 วินาทีเพื่อแสดงว่าถุงลมนิรภัย  SRS ด้านผู้โดยสารด้านหน้าทํางานอยู่   
 
คําเตือน   อย่าติดตั้งอุปกรณ์เสริมใดๆ  ที่ทําให้มองไม่เห็น  ไฟแสดง  และอย่าติดสติกเกอร์ปิดไฟแสดง  ซึ่งจะ 
ทําให้ไม่สามารถตรวจสอบสถานะของระบบถุงลม  นิรภัย SRS ด้านผู้โดยสารด้านหน้าได้",docs/Text_PDF_.pdf,"['งาน', 'อยู่', 'อุปกรณ์เสริม', 'โดยสารด้าน', 'ถุงลมนิรภัย']"
67,"การขับรถในตำแหน่ง ""4HLc"" หรือ ""4LLc"" บนถนนลาดยางแห้งและทางด่วน สามารถขับรถด้วยความเร็วสูงกว่า 70 กม./ชม. ได้หรือไม่?","ไม่สามารถขับรถด้วยความเร็วสูงกว่า 70 กม./ชม. ในตำแหน่ง ""4HLc"" หรือ ""4LLc"" บนถนนลาดยางแห้งและทางด่วนได้ ซึ่งอาจทำให้ยางสึกหรือมีเสียงดังเกิดขึ้น และสิ้นเปลืองน้ำมันเชื้อเพลิง นอกจากนี้ยังอาจทำให้อุณหภูมิน้ำมันเฟืองท้ายสูงขึ้นมากกว่าปกติ ซึ่งจะส่งผลให้ระบบขับเคลื่อนเสียหาย",178,"ข้อควรระวัง  
● ระยะ “4 LLc” จะให้แรงบิดสูงสุดสําหรับการขับขี่ด้วยความเร็วตํ่าบนทางลาดชัน  รวมถึงพื้นทราย  
พื้นโคลนและพื้นผิวที่ขับได้ยากแบบอื่นๆ  สําหรับรถเกียร์อัตโนมัติ  อย่าขับรถด้วยความเร็วเกิน  70 กม./ชม.ในช่วง  “4LLc” 
● อย่าขับรถในตําแหน่ง  “4HLc” หรือ  “4LLc” บนถนนลาดยางแห้งและทางด่วน  มิฉะนั้นจะทําให้ยางสึกหรอมาก  
สิ้นเปลืองนํ้ามันเชื้อเพลิง  และอาจมีเสียงดังเกิดขึ้น  
นอกจากนี้ยังอาจทําให้อุณหภูมินํ้ามันเฟืองท้ายสูงขึ้นมากกว่าปกติซึ่งจะส่งผลให้ระบบขับเคลื่อนเสียหาย  
ในการขับเคลื่อน มากเกินไปมีผลทําให้นํ้ามันรั่วซึม  เกิดความร้อนจัด และอาจเกิดปัญหาอื่นๆ  ภายหลังได้ดังนั้น",docs/Text_PDF_.pdf,"['อาจทํา', 'เกิดขึ้น', 'ควรระวัง', 'ขับ', 'จะให้']"
68,วิธีการรีเซ็ตระยะทางที่เหลือจนถึงการเปลี่ยนน้ำมันเครื่องครั้งต่อไปคืออะไร?,วิธีการรีเซ็ตระยะทางที่เหลือจนถึงการเปลี่ยนน้ำมันเครื่องครั้งต่อไปคือการกดสวิตช์หน้าจอแสดงข้อมูลรวมเป็นเวลาประมาณ 2 วินาที ขณะที่จอแสดงระบบควบคุมน้ำมันเครื่องปรากฏขึ้นเพื่อรีเซ็ตระยะทางที่เหลือจนถึงการเปลี่ยนน้ำมันเครื่องครั้งต่อไป,154,"วิธีการรีเซ็ตระยะทางที่เหลือจนถึงการเปลี่ยนนํ้ามันเครื่องครั้งต่อไป  
กดสวิตช์หน้าจอแสดงข้อมูลรวมเป็นเวลาประมาณ  2 วินาที 
ขณะที่จอแสดงระบบควบคุมนํ้ามันเครื่องปรากฏขึ้นเพื่อรีเซ็ตระยะทางที่เหลือจนถึงการเปลี่ยนนํ้ามันเครื่องครั้งต่อไป  
 
รถรุ่นที่ติดตั้งหน้าจอ  LCD สี 
E00680000027 
ตัวแสดงระยะทางที่เหลือจนถึงการเปลี่ยนนํ้ามันเครื่องครั้งต่อไป  
หลังจากระยะทางที่เหลือจนถึงการเปลี่ยนนํ้ามันเครื่องครั้งต่อไปเท่ากับ  1,500 กม. หรือน้อยกว่า  
ระยะทางที่เหลือป้จจุบันจะแสดงบนหน้าจอแสดงข้อมูลรวมทุกครั้งที่โหมดการทํางานอยู่ที่  ON",docs/Text_PDF_.pdf,"['E00680000027', 'งาน', 'ปรากฏขึ้น', 'สี', 'สวิตช์']"
69,"เมื่อเปลี่ยนระหว่าง ""4H"" กับ ""4L"" เกียร์ทรานสเฟอร์อาจส่งเสียงเล็กน้อยใช่ไหม?","ใช่, เมื่อเปลี่ยนระหว่าง ""4H"" กับ ""4L"" เกียร์ทรานสเฟอร์อาจส่งเสียงเล็กน้อยได้",174,"เกียร์ทรานสเฟอร์อาจมีเสียงเล็กน้อย ในช่วงที่อากาศเย็นพยายามเปลี่ยนเกียร์ขณะที่รถหยุดแล้ว  
● เมื่อเปลี่ยนระหว่าง  “4H” กับ “4L” เกียร์ทรานสเฟอร์อาจส่งเสียงเล็กน้อย  
● ในขณะรถหยุด  ให้ตรวจเช็คว่าการเปลี่ยน  “2H”  “4H” เสร็จสมบูรณ์  และไฟแสดงการทํางาน  2WD/4WD ไม่กะพริบ  
ให้ขับรถช้าๆ  ตามปกติหลังจากตรวจดูแล้วว่าไฟแสดงสว่างขึ้น  ให้ดูเรื่อง  “ไฟแสดงการทํางาน  2WD/4WD 
และไฟแสดงความเร็วตํ่า ” หน้า 6-39",docs/Text_PDF_.pdf,"['งาน', 'จากตรวจ', 'ขับ', 'ทรานสเฟอร์อาจ', 'ขับรถ']"
70,หากบริเวณรอบเซ็นเซอร์เรดาร์เสียหายเนื่องจากการชน ระบบเซ็นเซอร์จอดรถจะส่งเสียงเตือนเพื่อแจ้งคนขับว่ามีสิ่งกีดขวางรอบๆ รถโดยใช้เซ็นเซอร์จอดรถที่อยู่ในกันชนหน้าและหลังใช่ไหม?,"ใช่, ระบบเซ็นเซอร์จอดรถจะส่งเสียงเตือนเมื่อมีสิ่งกีดขวางรอบๆ รถโดยใช้เซ็นเซอร์จอดรถที่อยู่ในกันชนหน้าและหลัง",226,"หากบริเวณรอบเซ็นเซอร์เรดาร์เสียหายเนื่องจากการชน  
  
เซ็นเซอร์จอดรถ (หน้า/หลัง)* E00647700454  
ระบบเซ็นเซอร์จอดรถจะส่งเสียงเตือนเพื่อแจ้งคนขับว่ามี  สิ่งกีดขวางรอบๆ รถโดยใช้เซ็นเซอร์จอดรถที่อยู่ในกันชน  หน้าและหลัง   
เมื่อใช้งานปุ๋ม  “Auto Show Sonar” ภาพเซ็นเซอร์จอดรถ จะปรากฏขึ้นในหน้าจอแสดงข้อมูลรวม",docs/Text_PDF_.pdf,"['E00647700454', 'งาน', 'หลัง', 'ขับ', 'จอดรถ']"
71,ไฟแสดงการทำงาน 2WD/4WD จะกะพริบในขณะที่รถกำลังเคลื่อนที่หรือไม่?,ไม่รู้,175,"และการเลี้ยวอาจไม่ราบรื่นและไม่สามารถเลือกระยะขับเคลื่อนที่ต้องการได้  
○ เมื่อตั้งค่าปุ่มเลือกโหมดการขับเคลื่อน  4 ล้อระหว่าง “2H”  “4H” ขณะที่รถหยุดนิ่ง ไฟแสดงการทํางาน  2WD/4WD 
จะกะพริบในขณะที่ดําเนินการอยู่  ให้ขับรถช้าๆ  ตามปกติหลังจากตรวจดูแล้วว่าไฟสว่างขึ้น  
○ หากไฟแสดงการทํางาน  2WD/4WD ไม่หยุดกะพริบหลังจากเลือก “2 H”  “4H” ขณะที่รถกําลังเคลื่อนที่  
ให้จับพวงมาลัยให้ตรง แล้วเหยียบคันเร่งช้าๆ  หลายๆ ครั้ง 
“4H”  “4L” 
ตําแหน่งปุ่มเลือกการขับเคลื่อน  4 ล้อ ไฟแสดงการทํางาน  
4H  
กําลังเปลี่ยนโหมดการขับเคลื่อน  4 ล้อ 
4L 
: กะพริบ  
: สว่าง 
: ดับ",docs/Text_PDF_.pdf,"['ขณะที่ดําเนิน', 'งาน', 'จากตรวจ', 'อาจไม่', 'ขับ']"
72,เบาะรถของคุณมีที่ยึดอุปกรณ์นิรภัยสำหรับเด็กที่มีการยึดแบบ ISOFIX ที่ตำแหน่งใด?,เบาะรถของคุณมีที่ยึดอุปกรณ์นิรภัยสำหรับเด็กที่มีการยึดแบบ ISOFIX ที่ตำแหน่งซิงเกิลแค็บและเมกะแค็บเบาะนั่งผู้โดยสารด้านหน้าติดตั้งที่ยึดเบาะด้านล่างสำหรับการยึดอุปกรณ์นิรภัยสำหรับเด็กที่มีการยึดแบบ ISOFIX,66,"เบาะนั่งและเข็มขัดนิรภัย 4-17 
การติดตั้งอุปกรณ์นิรภัยสําหรับเด็กเข้ากับที่ยึดเบาะด้านล่าง  (อุปกรณ์นิรภัยสําหรับเด็กที่มีการยึดแบบ ISOFIX) และที่ยึดด้านหลังเบาะ  
ตําแหน่งที่ยึดเบาะด้านล่าง  
-   ซิงเกิลแค็บและเมกะแค็บเบาะนั่งผู้โดยสารด้านหน้าติดตั้งที่ยึดเบาะด้านล่างสําหรับการยึดอุปกรณ์นิรภัยสําหรับเด็กที่มีการยึดแบบ  
ISOFIX  
-   ดับเบิลแค็บเบาะนั่งหลังติดตั้งที่ยึดเบาะด้านล่างสําหรับการยึดอุปกรณ์นิรภัยสําหรับเด็กที่มีการยึดแบบ  ISOFIX  
ตําแหน่งที่ยึดด้านหลัง 
เบาะรถของคุณมีที่ยึดอุปกรณ์นิรภัยสําหรับเด็กหนึ่งจุด",docs/Text_PDF_.pdf,"['โดยสารด้าน', 'เมกะแค็บเบาะ', 'เมกะแค็บ', 'เด็กที่', 'เข้ากับ']"
73,การเปลี่ยนโหมดการทํางานเป็นอัตโนมัติเกิดขึ้นเมื่อไหร่?,การเปลี่ยนโหมดการทํางานเป็นอัตโนมัติเกิดขึ้นเมื่อปรับโหมดการทํางานไปที่ ON หลังจากโหมดการทํางานอยู่ที่ OFF ในขณะที่เลือกอากาศภายนอกด้วยตัวเอง หรือเมื่อปรับโหมดการทํางานไปที่ ON และจากนั้นกดสวิตช์ไล่ฝ้าครั้งแรก ซึ่งจะเป็นการปิดโหมดไล่ฝ้า,258,"• การควบคุมการเลือกการไหลเวียนอากาศหมุนเวียน  ภายใน/อากาศภายนอกจะเปลี่ยนเป็นอัตโนมัติเมื่อ  
ดําเนินการทํางานอย่างใดอย่างหนึ่งต่อไปนี้     เมื่อปรับโหมดการทํางานไปที่  ON หลังจากโหมด  การทํางานอยู่ที่  OFF 
ในขณะเลือกอากาศภายนอก ด้วยตัวเอง     เมื่อปรับโหมดการทํางานไปที่  ON และจากนั้น  การ กดสวิตช์ไล่ฝ้าครั้งแรกจะเป็นการปิดโหมดไล่ฝ้า   
24UT(THAI) _T00UMA000P_OM_THAI.indb 13  
22/3/2566 11:36:50 
 
264 
 
7-14 การใช้อุปกรณ์อํานวยความสะดวก  
เครื่องปรับอากาศแบบควบคุมสภาพอากาศอัตโนมัติ * 7  
 
หมายเหตุ",docs/Text_PDF_.pdf,"['T00UMA000P_OM_THAI.indb', '_T00UMA000P_OM_', 'T00UMA000P_OM_', '264', 'งาน']"
74,ถุงลมนิรภัยถูกปิดการทำงานในกลุ่มใด?,ถุงลมนิรภัยถูกปิดการทำงานในกลุ่ม R3,63,"กลุ่ม:ตําแหน่งเบาะนั่งที่เหมาะสมกับจุดยึดด้านข้าง  (L1/L2)  
เปิดการทํางานถุงลมนิรภัย :ไม่ได้ 
ปิดการทํางานถุงลมนิรภัย :ไม่ได้ 
กลุ่ม:จุดยึดแบบหันไปข้างหลังที่เหมาะสมขนาดใหญ่สุด (R1/R2/R2X/R3)  
เปิดการทํางานถุงลมนิรภัย :ไม่ได้ 
ปิดการทํางานถุงลมนิรภัย :R3 
กลุ่ม:จุดยึดแบบหันไปข้างหน้าที่เหมาะสมขนาดใหญ่สุด (F2/F2X/F3)  
เปิดการทํางานถุงลมนิรภัย :ไม่ได้ 
ปิดการทํางานถุงลมนิรภัย :F3 
กลุ่ม:จุดยึดบูสเตอร์ที่เหมาะสมขนาดใหญ่สุด (B2/B3)  
เปิดการทํางานถุงลมนิรภัย :ไม่ได้ 
ปิดการทํางานถุงลมนิรภัย :R3",docs/Text_PDF_.pdf,"['R3', 'F3', 'B3', 'L2', 'F3']"
75,วิธีแก้ปัญหาเมื่อต้องดับเครื่องยนต์ในสถานการณ์ฉุกเฉินคืออะไร?,"วิธีแก้ปัญหาเมื่อต้องดับเครื่องยนต์ในสถานการณ์ฉุกเฉินคือ:

1. กดสวิตช์เครื่องยนต์อย่างรวดเร็วติดต่อกันสามครั้งในเวลาน้อยกว่า 1.5 วินาที.
2. กดสวิตช์เครื่องยนต์ค้างไว้นานกว่า 2 วินาที.
3. หลังจากดับเครื่องยนต์แล้ว ให้เปิดประตูเพื่อกลับสู่สภาวะปกติ.",108,"วิธีแก้ป้ญหา  (อ้างอิง): ดูเรื่อง ""ระบบกุญแจอัจฉริยะ "" หน้า 3-7 
 
หน้าจอ:    
สาเหตุ: เมื่อนํากุญแจอัจฉริยะออกไปนอกรถในขณะที่เครื่องยนต์กําลังทํางาน    
วิธีแก้ป้ญหา  (อ้างอิง): การดับเครื่องยนต์ในสถานการณ์ฉุกเฉิน แล้วปฏิบัติตามขั้นตอนใดขั้นตอนหนึ่งต่อไปนี้ : -
กดสวิตช์เครื่องยนต์อย่างรวดเร็วติดต่อกันสามครั้งในเวลาน้อยกว่า  1.5 วินาที. -กดสวิตช์เครื่องยนต์ค้างไว้นานกว่า  2 วินาที. 
หลังจากดับเครื่องยนต์แล้ว  ให้เปิดประตูเพื่อกลับสู่สภาวะปกติ .",docs/Text_PDF_.pdf,"['งาน', 'นอกรถ', '', 'อ้างอิง', 'ให้เปิด']"
76,วิธีใช้งานกระจกหน้าต่างประตูด้านคนขับคืออะไร?,วิธีใช้งานกระจกหน้าต่างประตูด้านคนขับคือดึงสวิตช์กระจกหน้าต่างประตูด้านคนขับขึ้นซ้ำๆ จนกระทั่งกระจกหน้าต่างปิดสนิท หลังจากนั้นให้ปล่อยสวิตช์ ดึงสวิตช์ค้างไว้อีกครั้งหนึ่งอย่างน้อย 1 วินาทีแล้วปล่อยสวิตช์ คุณก็จะสามารถใช้งานกระจกหน้าต่างประตูด้านคนขับได้ตามปกติ,49,"ยู่ ให้ดึงสวิตช์กระจกหน้าต่างประตูด้านคนขับขึ้นซํ้าๆ  จนกระทั่งกระจกหน้าต่างปิดสนิท  หลังจากนั้นให้ปล่อยสวิตช์  
ดึงสวิตช์ค้างไว้อีกครั้งหนึ่งอย่างน้อย  1 วินาทีแล้วปล่อยสวิตช์  คุณก็จะสามารถใช้งานกระจกหน้าต่างประตูด้านคนขับได้ตามปกติ",docs/Text_PDF_.pdf,"['งาน', 'ขับ', 'ซํ้า', 'ขับได้', 'สวิตช์']"
77,ระบบถุงลมนิรภัยต้องการการตรวจสอบสภาพเข็มขัดหรือไม่?,ไม่มีข้อมูลที่ระบุว่าระบบถุงลมนิรภัยต้องการการตรวจสอบสภาพเข็มขัดหรือไม่ อย่างไรก็ตาม หากคุณพบว่าที่เก็บถุงลมนิรภัยฉีกขาด ขีดข่วน แตก หรือเสียหาย ควรนำไปให้ศูนย์บริการมิตซูบิชิที่ได้รับอนุญาตตรวจสอบเพื่อประสิทธิภาพและความปลอดภัยของระบบถุงลมนิรภัยของคุณ,50,"การตรวจสอบสภาพเข็มขัดนิรภัย ...................................................................................4 -22 
ระบบถุงลมนิรภัย  (SRS) ..............................................................................................4-22",docs/Text_PDF_.pdf,"['22', '...................................................................................', '', 'นิรภัย', 'นิรภัย']"
78,ไฟเตือนตรวจเช็คเครื่องยนต์จะสว่างขึ้นหรือกะพริบเมื่อไหร่?,ไฟเตือนตรวจเช็คเครื่องยนต์จะสว่างขึ้นหรือกะพริบเมื่อเครื่องยนต์ทำงานอยู่และมีปัญหาหรือข้อผิดพลาดในระบบการทำงานของเครื่องยนต์ อย่างไรก็ตาม หากไฟเตือนตรวจเช็คเครื่องยนต์สว่างขึ้นหรือกะพริบ ควรจะดับเครื่องยนต์และนำรถเข้ารับการตรวจสอบที่ศูนย์บริการมิตซูบิชิที่ได้รับอนุญาตที่ใกล้ที่สุด,120,"ไฟเตือนตรวจเช็คเครื่องยนต์  E00502603658  
ไฟเตือนนี้เป็นส่วนหนึ่งของระบบ  วิเคราะห์ป้ญหาของเครื่องยนต์ซึ่งคอย ควบคุมการปล่อยไอเสีย  ระบบควบคุม  เครื่องยนต์  หรือระบบควบคุม  A/T 
ถ้าตรวจพบป้ญหาขึ้นในส่วนใดส่วนหนึ่งของระบบเหล่านี้  ไฟจะสว่างขึ้นหรือกะพริบ  ให้คุณรีบนํารถเข้ากับการตรวจสอบระบบ แม้ว่ารถจะยัง  
คงขับได้และไม่ต้องลากจูง ไฟนี้ยังสว่างขึ้นเมื่อสวิตช์กุญแจเปลี่ยนเป็น “ON” หรือ โหมดการทํางานอยู่ที่  ON และดับลงหลังจากสตาร์ท  
เครื่องยนต์แล้ว  หากไฟไม่ดับหลังจากเครื่องยนต์สตาร์ท ให้นํารถเข้ารับการตรวจสอบที่ศูนย์บริการมิตซูบิชิที่ได้  รับอนุญาต  
 ข้อควรระวัง",docs/Text_PDF_.pdf,"['งาน', 'E00502603658', 'ขับ', 'ควรระวัง', 'หา']"
79,หากประตูถูกปลดล็อกขณะขับรถ ประตูจะล็อกโดยอัตโนมัติหรือไม่?,หากประตูถูกปลดล็อกขณะขับรถ ประตูจะไม่ล็อกโดยอัตโนมัติ,44,"-  หากประตูถูกปลดล็อกขณะขับรถประตูจะไม่ล็อกโดยอัตโนมัติ  
-  ประตูทุกบานจะปลดล็อกโดยอัตโนมัติเมื่อความเร็วรถอยู่ที่ประมาณ 4กม.ชม.หรือน้อยกว่าและประตูด้านคนขับถูกเปิด 
-  ฟ้งก์ชันเหล่านี้เปิดใช้งานเมื่อรถถูกส่งมาจากโรงงานหากคุณต้องการเปิดหรือปิดใช้งานฟ้งก์ชันเหล่านี้ให้ดําเนินการตามขันตอนต่อไปนี  
1.ปิดประตูทุกบาน  
2.บิดสวิตช์กุญแจไปทีตําแหน่ง ""ON""หรือเปิดโหมดการทํางานเป็น ON 
3.ภายใน 20วินาทีหลังจากบิดสวิตช์สตาร์ทเครือง-
ยนต์ไปทีตําแหน่ง"" ON""หรือตังโหมดการทํางานเป็น ONให้กดสิวตช์บนสวิตช์ล็อกประตูกลางค้างไว้เป็นเวลา 5วินาทีหรือมากกว่าเพือสลับระหว่างก",docs/Text_PDF_.pdf,"['งาน', 'ขับ', '', 'ขับถูก', 'รถประตู']"
80,รถรุ่นที่มีเครื่องปรับอากาศแบบควบคุมสภาพอากาศอัตโนมัติสามารถป้องกันไม่ให้กระจกเป็นฝ้าได้หรือไม่?,"ใช่ รถรุ่นที่มีเครื่องปรับอากาศแบบควบคุมสภาพอากาศอัตโนมัติสามารถป้องกันไม่ให้กระจกเป็นฝ้าได้ โดยเมื่อใช้ตำแหน่ง "" "" หรือ "" "" จะต้องตั้งตำแหน่งอากาศภายนอกเพื่อป้องกันไม่ให้กระจกเป็นฝ้า",252,"หมายเหตุ      
• สําหรับรถรุ่นที่มีเครื่องปรับอากาศแบบควบคุมสภาพอากาศอัตโนมัติ /รถรุ่นที่มีเครื่องปรับอากาศแบบควบคุมสภาพอากาศอัตโนมัติ  
Dual-zone เมื่อใช้ตําแหน่ง  “ ” หรือ  “ ” ให้ตั้งตําแหน่งอากาศภายนอกเพื่อป้องกันไม่ให้กระจกเป็นฝ้า      
• สําหรับรถรุ่นที่มีเครื่องปรับอากาศแบบแมนนวล  เมื่อใช้ปุ๋มปรับโหมดระหว่างตําแหน่ง  “ ” และ  “ ” 
ลมจะไหลไปยังส่วนด้านบนของห้องโดยสารเป็นหลัก  เมื่อใช้ปุ๋ม ปรับโหมดระหว่างตําแหน่ง  “ ” และ “ ” ลมจะไหลไปยังบริเวณขาเป็นหลัก      
• สําหรับรถรุ่นที่มีเครื่องปรับอากาศแบบแมนนวล  เมื่อใช้ปุ๋มปรับโหมดระหว่างตําแหน่ง  “ ” และ  “ ” ลมจะไหลไปยังบริเวณขาเป็นหลัก",docs/Text_PDF_.pdf,"['มีเครื่อง', '', '', 'นวล', 'รถรุ่น']"
81,ไฟเตือนแรงดันน้ำมันเครื่องเตือนระดับน้ำมันเครื่องหรือไม่?,ไฟเตือนแรงดันน้ำมันเครื่องไม่ใช่เตือนระดับน้ำมันเครื่อง แต่เตือนเมื่อมีปัญหาเกี่ยวกับระบบน้ำมันเครื่อง เช่น ระดับน้ำมันต่ำหรือมีปัญหาอื่นๆ ดังนั้น ถ้าไฟเตือนนี้สว่างขึ้นควรตรวจสอบปัญหาที่เกี่ยวข้องกับระบบน้ำมันเครื่องของรถ,121,"หมายเหตุ   
-ไฟเตือนแรงดันนํ้ามันเครื่องนี้ไม่ใช่เตือนระดับ นํ้ามันเครื่อง  ให้ตรวจดูปริมาณนํ้ามันเครื่องจาก  ก้านวัดนํ้ามันเครื่อง   
 
ไฟเตือนประตูปิดไม่สนิท  (รถรุ่นที่ติดตั้ง  หน้าจอแสดงข้อมูลรวม  - แบบที่ 2) E00503302134  
ไฟนี้จะสว่างขึ้นเมื่อประตูเปิดอยู่  หรือปิดไม่สนิท   
 
ข้อควรระวัง   
ควรตรวจดูให้แน่ใจว่าไฟเตือนนี้ดับก่อนจะออกรถ   
 
ไฟเตือนการทํางานไฟหน้า (รถรุ่นที่ติดตั้ง  หน้าจอแสดงข้อมูลรวม  - แบบที่ 2) E00569000137  
ไฟเตือนนี้ในหน้าปัดจะสว่างเมื่อ  ไฟหน้ามีความผิดปกติ   
 
ข้อควรระวัง",docs/Text_PDF_.pdf,"['E00503302134', 'E00569000137', 'งาน', 'ไฟหน้า', 'เตือนการ']"
82,อุปกรณ์ภายนอกด้านหน้าของรถมีอะไรบ้าง?,"อุปกรณ์ภายนอกด้านหน้าของรถมีดังนี้:
- ระบบตรวจสอบแรงดันลมยาง (TPMS)
- การเปลี่ยนยางหน้า
- ยางหน้า
- แรงดันลมยางหน้า
- การสลับยางหน้า
- ยางสำหรับขับบนหิมะหน้า
- ขนาดยางและล้อหน้า
- ไฟเบรกดวงที่สามหน้า
- ไฟแสดงระบบเตือนจุดอับสายตา (BSW)
- ฝาปิดท้ายกระบะหน้า
- กล้องมองหลังหน้า
- มอนิเตอร์รอบทิศทางหน้า
- เซ็นเซอร์จอดรถหน้า
- ไฟส่องป้ายทะเบียนหน้า
- ยางอะไหล่หน้า
- เซ็นเซอร์จอดรถหน้า",7,"อุปกรณ์ภายนอก –ด้านหน้า  
ภาพโดยรวมคู่มืออย่างง่าย 1-6 
ดับเบิลแค็บ  
- กล้องด้านหน้า (สําหรับ AHBและFCM)หน้า5-43,6- 73 
- เซ็นเซอร์ตรวจวัดนํ้าฝนหน้า 5-47 
- ที่ป้ดนํ้าฝนและฉีดนํ้าล้างกระจกหน้า 5-45,10-16 
- ไฟหน้าแบบแฮโลเจนไฟหน้าแบบ LEDกล้องมองหน้าหน้า6 -103เซ็นเซอร์ (สําหรับ FCM)หน้า6-73 
- ไฟเลี้ยวด้านหน้าหน้า5 -44,10-24,10-27 
- เซ็นเซอร์จอดรถหน้า 6-88 
- ไฟหรี่หน้า 5-40,10-24,10-27 
- ไฟหน้า,ไฟสูงตํ่าหน้า5 -40,10-24,10-26 
- ไฟตัดหมอกด้านหน้าหน้า 5-45,10-24 
- ไฟเลี้ยวด้านหน้าหน้า5 -44,10-24,10-27",docs/Text_PDF_.pdf,"['44:10', '24:10', '44:10', '24:10', '24:10']"
83,"เมื่อเฟืองท้ายหลังถูกล็อกขณะที่ปุ่มเลือกโหมดการขับเคลื่อน 4 ล้ออยู่ที่ตำแหน่ง ""4L"" หรือ ""4H"" (EasySelect 4WD), ตำแหน่ง ""4LLc"" หรือ ""4HLc"" (SuperSelect 4WD II) การเปลี่","ยนโหมดการขับเคลื่อน 4 ล้อไปที่ตำแหน่ง ""2H"" (Easy Select 4WD), ตำแหน่ง ""2H"" หรือ ""4H"" (Super Select 4WD II) จะปลดล็อกเฟืองท้ายหลังโดยอัตโนมัติ",185,"หมายเหตุ  
● ล็อกเฟืองท้ายหลังจะไม่ทํางานเมื่อปุ่มเลือกโหมดการขับเคลื่อน  4 ล้ออยู่ที่ตําแหน่ง  “2H” (EasySelect 4WD), ตําแหน่ง  
“2H” หรือ “4H” (Super Select 4WD II) 
● เมื่อเฟืองท้ายหลังถูกล็อกขณะที่ปุ่มเลือกโหมดการขับเคลื่อน  4 ล้ออยู่ที่ตําแหน่ง  “4L” หรือ “4H” (EasySelect 4WD), 
ตําแหน่ง  “4LLc” หรือ “4HLc” (SuperSelect 4WD II) การเปลี่ยนโหมดการขับเคลื่อน  4 ล้อไปที่ตําแหน่ง  “2H” 
(Easy Select 4WD), ตําแหน่ง “2H” หรือ “4H” (Supe r Select 4WD II) จะปลดล็อกเฟืองท้ายหลังโดยอัตโนมัติ",docs/Text_PDF_.pdf,"['SuperSelect', '4WD', '4WD', '4WD:', 'เมื่อเฟือง']"
84,การเหยียบเบรกให้แรงกว่าปกติเมื่อเครื่องยนต์ยังไม่สตาร์ท อาจทำให้เครื่องยนต์สตาร์ทไม่ติดหรือไม่?,"ใช่, การเหยียบเบรกให้แรงกว่าปกติเมื่อเครื่องยนต์ยังไม่สตาร์ทอาจทำให้เครื่องยนต์สตาร์ทไม่ติด ซึ่งอาจเกิดจากการทำงานของระบบช่วยผ่อนแรงของรถที่หยุดทำงานเมื่อเบรกถูกเหยียบแรง ดังนั้นควรระวังในการเหยียบเบรกให้แรงเกินไปเมื่อเครื่องยนต์ยังไม่สตาร์ท",151,"1. คาดเข็มขัดนิรภัย  
2. ตรวจให้แน่ใจว่าใส่เบรกมือแล้ว  
3. เหยียบเบรกค้างไว้ให้มั่นคงด้วยเท้าขวา  
 
หมายเหตุ  
● เมื่อเครื่องยนต์ยังไม่สตาร์ท อาจจะเหยียบเบรกได้ยากและรถอาจไม่สามารถตรวจจับการทํางานของแป้น  ดังนั้น 
เครื่องยนต์อาจจะสตาร์ทไม่ติด  ในกรณีนี้พยายามเหยียบเบรกให้แรงกว่าปกติ  
 
4. สําหรับรถเกียร์ธรรมดา  ให้เหยียบแป้นคลัตช์จนสุดและเลื่อนคันเกียร์ไปที่ตําแหน่ง “N” ( เกียร์ว่าง ) สําหรับรถเกียร์อัตโนมัติ  
ดูให้แน่ใจว่าคันเกียร์อยู่ที่ตําแหน่ง  “P” (จอด )",docs/Text_PDF_.pdf,"['งาน', 'จอด', 'มั่นคง', 'เบรกมือ', 'แน่ใจว่า']"
85,การทิ้งแบตเตอรี่ลงในไฟหรือเตาเผาหรือบีบอัดหรือตัดแบตเตอรี่ด้วยเครื่องจักรอาจทำให้แบตเตอรี่เสียหายได้หรือไม่?,"ใช่, การทิ้งแบตเตอรี่ลงในไฟหรือเตาเผาหรือบีบอัดหรือตัดแบตเตอรี่ด้วยเครื่องจักรอาจทำให้แบตเตอรี่เสียหายได้ ซึ่งอาจทำให้แบตเตอรี่รั่วไฟหรือระเบิดได้ ดังนั้นควรปฏิบัติตามคำแนะนำและข้อควรระวังที่ระบุไว้ในคู่มือการใช้งานของแบตเตอรี่เสมอ",33,"- เพื่อป้องกันการระเบิดหรือการรั่วไหลของของเหลวหรือแก๊สที่ติดไฟได้  
o อย่าเปลี่ยนไปใช้แบตเตอรี่ที่ไม่ถูกต้องใช้แบตเตอรี่แบบเดียวกันหรือเทียบเท่า  
o อย่าทิ้งแบตเตอรี่ลงในไฟหรือเตาเผาและอย่าบีบอัดหรือตัดแบตเตอรี่ด้วยเครื่องจักร  
o อย่าใช้งานจัดเก็บหรือให้แบตเตอรี่สัมผัสอุณหภูมิสูงมากหรือแรงดันอากาศตํ่ามาก 
ข้อควรระวัง  
-
 ห้ามถอดแยกหรือถอดชิ้นส่วนภายในของกุญแจนอกเหนือจากที่อธิบายไว้ด้านล่างเนื่องจากมีความเป็นไปได้ที่จะไม่สามารถประกอบกลับไ
ด้ 
- เมื่อเปิดตัวเรือนกุญแจแล้วระวังอย่าให้นํ้าฝุ๋นฯลฯเข้าไปได้และอย่าแตะต้องส่วนประกอบข้างใน",docs/Text_PDF_.pdf,"['งาน', 'เผาและ', 'หรือแรง', 'ให้นํ้าฝุ๋นฯล', 'ควรระวัง']"
86,การตรวจเช็คระดับน้ำมันพวงมาลัยเพาเวอร์ในกระปุกน้ำมันขณะที่เครื่องยนต์ทำงานอยู่ในรอบเดินเบาจำเป็นหรือไม่?,ไม่ควรตรวจเช็คระดับน้ำมันพวงมาลัยเพาเวอร์ในกระปุกน้ำมันขณะที่เครื่องยนต์ทำงานอยู่ในรอบเดินเบา ซึ่งเป็นการเปิดกระปุกน้ำมันขณะที่ระบบน้ำมันยังอยู่ในการทำงาน อาจทำให้น้ำมันพวงมาลัยเพาเวอร์หกล้มเกิดการรั่วไหล ดังนั้นควรรอให้เครื่องยนต์ดับและอุณหภูมิลดลงก่อนที่จะตรวจสอบระดับน้ำมันพวงมาลัยเพาเวอร์,298,"การตรวจเช็คระดับนํ้ามัน 
ตรวจเช็คระดับนํ้ามันพวงมาลัยเพาเวอร์ในกระปุกนํ้ามันขณะที่เครื่องยนต์ทํางานอยู่ในรอบเดินเบา  
โดยระดับนํ้ามันจะต้องอยู่ระหว่างขีด  “MAX” กับ “MIN”ข้างกระปุกนํ้ามัน  เติมนํ้ามันเมื่อจําเป็น  
ประเภทของนํ้ามัน  
ใช้นํ้ามัน  “MITSUBISHI MOTORS GENUINE PSF (Power Steering Fluid)”  
 
แบตเตอรี่  
สภาพของแบตเตอรี่มีส่วนสําคัญมากในการช่วยให้เครื่องยนต์สตาร์ทติดง่ายและอุปกรณ์ไฟฟ้าในรถสามารถทํางานได้อย่างมีประสิทธิภาพ  
จึงควรมีการตรวจเช็คอย่างสมํ่าเสมอ  โดยเฉพาะอย่างยิ่งในช่วงอากาศเย็น   
ข้อควรระวังเกี่ยวกับแบตเตอรี่  
คําเตือน",docs/Text_PDF_.pdf,"['SteeringFluid', 'งาน', 'ควรระวัง', 'MITSUBISHI', 'MAX']"
87,ค่าอัตราการสิ้นเปลืองเชื้อเพลิงที่แสดงบนหน้าจอแสดงอัตราการสิ้นเปลืองเชื้อเพลิงเป็นข้อมูลคร่าวๆหรือข้อมูลที่แสดงอัตราการสิ้นเปลืองเชื้อเพลิงจริง?,ค่าอัตราการสิ้นเปลืองเชื้อเพลิงที่แสดงบนหน้าจอแสดงอัตราการสิ้นเปลืองเชื้อเพลิงเป็นข้อมูลที่แสดงอัตราการสิ้นเปลืองเชื้อเพลิงจริง โดยอัตราการสิ้นเปลืองเชื้อเพลิงจะแสดงในโหมดการประหยัดน้ำมันเชื้อเพลิงขณะขับขี่ และโหมดการรีเซ็ตอัตโนมัติหรือแมนนวล ขึ้นอยู่กับการกดสวิตช์หน้าจอแสดงข้อมูลรวมและเวลาที่ค้างไว้ในหน้าจอช่วงการขับรถ,102,"- “---” จะปรากฏขึ้นเมื่อไม่สามารถวัดค่าอัตราการ  สิ้นเปลืองเชื้อเพลิงโดยเฉลี่ยได้   
 
หมายเหตุ    
-การตั้งค่าครั้งแรก  (ค่าเริ่มต้น ) คือ “โหมดรีเซ็ตแบบ  อัตโนมัติ ”   
-อัตราการสิ้นเปลืองเชื้อเพลิงโดยเฉลี่ยจะขึ้นอยู่กับ  สภาพการขับรถ  (สภาพถนน  วิธีการขับรถ  ฯลฯ) 
ค่าอัตราการสิ้นเปลืองเชื้อเพลิงที่แสดงอาจแตกต่าง จากอัตราการสิ้นเปลืองเชื้อเพลิงจริง ค่าอัตราการ  สิ้นเปลืองเชื้อเพลิงที่แสดงเป็นเพียงข้อมูลคร่าวๆ  
เท่านั้น  
-หน่วยความจําของโหมดรีเซ็ตแบบแมนนวลหรือ  โหมดรีเซ็ตแบบอัตโนมัติของหน้าจอแสดงอัตรา  การสิ้นเปลืองเชื้อเพลิงโดยเฉลี่ยจะถูกลบหากมี  
การถอดแบตเตอรี่",docs/Text_PDF_.pdf,"['แบบแมนนวล', 'ขับ', 'ปรากฏขึ้น', 'ค่าอัตรา', 'ขับรถ']"
88,"เมื่อเลือกโหมด ""NORMAL"" ของโหมดการขับเคลื่อน ต้องดูเรื่องอะไร?","ต้องดูเรื่อง ""โหมดการขับเคลื่อน"" หน้า 6-47",115,"แผงหน้าปัดและอุปกรณ์ควบคุม  5  
ไฟแสดงการทํางาน  ไฟเตือน  และรายการตัวแสดงบนหน้าจอแสดงข้อมูล  (หน้าจอแสดงข้อมูลรวม - แบบที่ 1) 5-32  
 
หน้าจอ: 
สาเหตุ: เมื่อเลือกโหมด “NORMAL” ของโหมดการขับเคลื่อน   
วิธีแก้ป้ญหา  (อ้างอิง): ให้ดูเรื่อง  “โหมดการขับเคลื่อน ” หน้า 6-47   
 
หน้าจอ: 
สาเหตุ: เมื่อเลือกโหมด “ROCK” ของโหมดการขับเคลื่อน   
วิธีแก้ป้ญหา  (อ้างอิง): ให้ดูเรื่อง  “โหมดการขับเคลื่อน ” หน้า 6-47   
 
หน้าจอ: 
สาเหตุ: เมื่อเลือกโหมด “MUD” ของโหมดการขับเคลื่อน   
วิธีแก้ป้ญหา  (อ้างอิง): ให้ดูเรื่อง  “โหมดการขับเคลื่อน ” หน้า 6-47  
 หน้าจอ:",docs/Text_PDF_.pdf,"['อ้างอิง', 'งาน', 'รายการตัว', 'NORMAL', 'NORMAL']"
89,"ต้องดูเรื่อง ""การใช้อุปกรณ์อำนวยความสะดวก"" หน้า 7-16?",ขออภัย ฉันไม่สามารถตอบคำถามของคุณได้ เนื่องจากข้อมูลที่ให้มาไม่มีข้อมูลเกี่ยวกับหน้าที่คุณต้องการดู กรุณาให้ข้อมูลเพิ่มเติมหรือคำถามที่ชัดเจนกว่านี้ ขอบคุณครับ,259,"o การปรับความเร็วมอเตอร์พัดลม    หน้า  7-17     
o การปรับการควบคุมอุณหภูมิ     หน้า  7-17  
24UT(THAI) _T00UMA000P_OM_THAI.indb 15   
22/3/2566 11:36:51 
 
266 
 
7-16 การใช้อุปกรณ์อํานวยความสะดวก  
เครื่องปรับอากาศแบบควบคุมสภาพอากาศอัตโนมัติ  Dual-zone* 7 
     
o การควบคุมอุณหภูมิด้านคนขับและด้านผู้โดยสาร อย่างอิสระ     หน้า  7-18     
o การเปิด /ปิดระบบปรับอากาศ     หน้า  7-18     
o การเปลี่ยนอากาศภายนอกและอากาศหมุนเวียน ภายใน    หน้า  7-19     
o การขับขี่ในสภาพอากาศภายนอกเป็นมลพิษ    หน้า  7-19  
 
หมายเหตุ",docs/Text_PDF_.pdf,"['T00UMA000P_OM_THAI.indb', '_T00UMA000P_OM_', 'T00UMA000P_OM_', '266', 'ขับ']"
90,ต้องทำอย่างไรเมื่อความเร็วรถลดลงต่ำกว่าประมาณ 30 กม./ชม.?,"เมื่อความเร็วรถลดลงต่ำกว่าประมาณ 30 กม./ชม., คุณควรทำตามเงื่อนไขต่อไปนี้:
- ตรวจสอบว่าคันเกียร์อยู่ที่ตำแหน่ง ""N"" (เกียร์ว่าง) หรือ ""P"" (จอด) หรือ ""N"" (เกียร์ว่าง) และหยุดรถ
- ตรวจจับวัตถุเคลื่อนที่ในมุมสูง ระบบ MOD จะทำงานหากเปิดประตูใดประตูหนึ่ง หากพับกระจกมองข้าง ระบบ MOD อาจทำงานไม่ถูกต้อง
- หากคุณลากรถเกียร์อัตโนมัติโดยที่ล้อขับเคลื่อนอยู่บนพื้น (แบบ B) ต้องแน่ใจว่าใช้ความเร็วและระยะทางไม่เกินจากที่กำหนดไว้ (ความเร็วในการลากรถ: 30 กม./ชม., ระยะทางในการลากรถ: 80 กม.)
- สำหรับรถเกียร์ธรรมดา, อย่าลากรถโดยให้ล้อหลังอยู่บนพื้น (แบบ B) และสำหรับรถเกียร์อัตโนมัติ, ให้เลื่อนคันเกียร์ไปที่ตำแหน่ง ""N"" (เกียร์ว่าง) และปลดเบรกมือ

โดยสรุป, คุณควรปฏิบัติตามเงื่อนไขดังกล่าวเพื่อให้ระบบ MOD ทำงานได้อย่างถูกต้องเมื่อความเร็วรถลดลงต่ำกว่าประมาณ 30 กม./ชม.",127,"แผงหน้าปัดและอุปกรณ์ควบคุม  5  
คันสวิตช์ไฟเลี้ยว  5-44  
 
เมื่อความเร็วรถลดลงตํ่ากว่าประมาณ  30 กม./ชม. ไฟหน้า ยังคงเป็นไฟตํ่า การปิด AHB ให้กดสวิตช์อีกครั้ง   
 
การบํารุงรักษาเซ็นเซอร์ภาพภายนอก  E00536800021  
 
เซ็นเซอร์ภาพภายนอก  (A) สําหรับ AHB อยู่ที่ด้านหน้าของกระจกมองหลัง เพื่อรักษาการทํางานให้ถูกต้องของ AHB 
และป้องกันการทํางานผิดพลาดของระบบ  โปรด ปฏิบัติตามสิ่งต่อไปนี้ :  
-หมั่นทําความสะอาดกระจกบังลมหน้าอยู่เสมอ   
-อย่าติดสติกเกอร์  (รวมถึงวัสดุโปร่งแสง ) หรือติดตั้ง  อุปกรณ์เสริมใกล้กับเซ็นเซอร์ภาพภายนอก",docs/Text_PDF_.pdf,"['ลดลงตํ่ากว่า', 'E00536800021', 'งาน', 'โปรด', 'อุปกรณ์เสริม']"
91,ระบบ FCM อาจไม่ทำงานในสภาวะใดบ้าง?,"ระบบ FCM อาจไม่ทำงานในสภาวะดังต่อไปนี้:
- รถคันหน้ามีลักษณะแคบ เช่น รถจักรยานยนต์
- ความเร็วระหว่างรถสองคันแตกต่างกันน้อยเกินไป
- ความเร็วรถในช่วงการทำงานสูง
- ระบบตรวจจับคนเดินถนนอาจไม่แจ้งเตือนครั้งแรกให้คนเดินถนน
- สภาวะที่มืดหรือสว่างรางๆ เช่น ในตอนกลางคืนหรือในอุโมงค์ รวมทั้งในกรณีที่ปิดหรือหรี่ไฟหน้ารถหรือรถคันหน้าปิดไฟท้าย
- กล้องคลาดเคลื่อน",213,"○ ระบบ FCM อาจไม่ทํางานหากรถคันหน้ามีลักษณะแคบ  (ตัวอย่างเช่น  รถจักรยานยนต์ ) 
○ ระบบ FCM อาจไม่ทํางานหากความเร็วระหว่างรถสองคันแตกต่างกันน้อยเกินไป  
○ ระบบ FCM อาจไม่จ่ายแรงเบรกเมื่อความเร็วรถในช่วงการทํางานสูง  
○ สําหรับคนเดินถนน ระบบ FCM ที่มีระบบตรวจจับคนเดินถนนอาจไม่แจ้งเตือนครั้งแรก  
○ ระบบ FCM อาจทํางานไม่ถูกต้อง หรืออาจตรวจจับรถคันหน้าหรือคนเดินถนนข้างหน้าไม่ได้ในสภาวะดังต่อไปนี้ : 
คําเตือน  
■ ในสภาวะที่มืดหรือสว่างรางๆ เช่น ในตอนกลางคืนหรือในอุโมงค์  รวมทั้งในกรณีที่ปิดหรือหรี่ไฟหน้ารถของท่าน  
หรือรถคันหน้าปิดไฟท้าย  
■ เมื่อทิศทางของกล้องคลาดเคลื่อน",docs/Text_PDF_.pdf,"['งาน', 'อาจทํา', 'ระหว่างรถ', 'อาจตรวจ', 'จับรถ']"
92,ตัวแสดงโหมดการขับเคลื่อน 4 ล้อแสดงสถานะการเปลี่ยนโหมดอย่างไร?,"ตัวแสดงโหมดการขับเคลื่อน 4 ล้อจะสว่างตามตำแหน่งปุ่มเลือกโหมดการขับเคลื่อน 4 ล้อดังนี้:

- ""2H"": ตัวแสดงจะสว่างที่ตำแหน่ง 2H
- ""4H"": ตัวแสดงจะสว่างที่ตำแหน่ง 4H
- ""4HLc"": ตัวแสดงจะสว่างที่ตำแหน่ง 4HLc
- ""4LLc"": ตัวแสดงจะสว่างที่ตำแหน่ง 4LLc

โดยตัวแสดงจะสว่างตามตำแหน่งปุ่มที่เลือกเพื่อแสดงสถานะการเปลี่ยนโหมดการขับเคลื่อน 4 ล้อ",180,"ตัวแสดงโหมดการขับเคลื่อน  4 ล้อและตัวแสดงการทํางาน  2WD/4WD  
E00606001774 
A: ตัวแสดงโหมดการขับเคลื่อน  4 ล้อ 
B: ตัวแสดงล้อหน้า  
C: ตัวแสดงล็อกเฟืองท้ายกลาง  
D: ตัวแสดงล้อหลัง  
E: ตัวแสดงความเร็วตํ่า  
เมื่อโหมดการทํางานอยู่ที่  ON ตัวแสดงโหมดการขับเคลื่อน  4 ล้อ (A) และตัวแสดงการทํางาน  2WD/4WD (B, C, D, E) 
จะแสดงสถานะการเปลี่ยนโหมด ตัวแสดงโหมดการขับเคลื่อน  4 ล้อและตัวแสดงการทํางาน  2WD/4WD 
จะสว่างตามตําแหน่งปุ่มเลือกโหมดการขับเคลื่อน  4 ล้อดังนี้: 
 
“2H”  “4H”  
ตําแหน่งปุ่มเลือกการขับเคลื่อน  4 ล้อ ตัวแสดง  
2H  
กําลังเปลี่ยนโหมดการขับเคลื่อน  4 ล้อ 
4H",docs/Text_PDF_.pdf,"['E00606001774', 'งาน', '2WD4WD', 'จะสว่าง', 'เร็วตํ่า']"
